"names","y"
"BC-A1-AAACGAGACGGTTGAT.1",1
"BC-A1-AACGATATGTCAACTG.1",1
"BC-A1-AATCGCCTCAGCGCCA.1",1
"BC-A1-AATGACTGTCAGCCGG.1",1
"BC-A1-ACAAGGACAAGAGGTT.1",1
"BC-A1-ACACCTTAAGTAGGGC.1",1
"BC-A1-ACCATCGTATATGGTA.1",1
"BC-A1-ACCCATCTTGAGGGTA.1",1
"BC-A1-ACGATGCATATGTTAT.1",1
"BC-A1-ACGGCCAACATGGACT.1",1
"BC-A1-ACGTTAGATTTGCCCG.1",1
"BC-A1-ACTACCAGCTCTCTGG.1",1
"BC-A1-ACTGTAGCACTTTGGA.1",1
"BC-A1-AGAAGGTTGCCGAATT.1",1
"BC-A1-AGATAACTTCAGGGCC.1",1
"BC-A1-AGATACCGGTGTTCAC.1",1
"BC-A1-AGATGACTCGCCCACG.1",1
"BC-A1-AGCTCTTTACTCAGTT.1",1
"BC-A1-AGGACGACCCATTAGA.1",1
"BC-A1-AGGCCACCCGTTATGA.1",1
"BC-A1-AGTTAAACACTTGCGA.1",1
"BC-A1-ATAACGCCGGAGGGTC.1",1
"BC-A1-ATATTCCACATAGTGA.1",1
"BC-A1-ATCACTTCATCCTCGC.1",1
"BC-A1-ATCAGACGGCACGCCG.1",1
"BC-A1-ATCCTGCGTGGAATGG.1",1
"BC-A1-ATCGGAGACAGACGGC.1",1
"BC-A1-ATCTTGACCTGCAACG.1",1
"BC-A1-ATTGCTGCTCCTCCAT.1",1
"BC-A1-CAAACGAGTATCGCAG.1",1
"BC-A1-CAAACGGTCGCACTTT.1",1
"BC-A1-CAAGCAACGTCGGAGT.1",1
"BC-A1-CACAGCTAGGGAGTGA.1",1
"BC-A1-CAGATACTAACATAGT.1",1
"BC-A1-CAGGCCGTTTGGGTGT.1",1
"BC-A1-CCAAACAGAACCCTCG.1",1
"BC-A1-CCAAGAAAGTGGGCGA.1",1
"BC-A1-CCAAGACTTCTGCGAA.1",1
"BC-A1-CCAATAGTGCCGTCGA.1",1
"BC-A1-CCATTAGCGATAATCC.1",1
"BC-A1-CCATTCCCTGCCCACA.1",1
"BC-A1-CCCTGAAATGAGTTGA.1",1
"BC-A1-CCTCTCTCCCATCTAG.1",1
"BC-A1-CCTGAATATTTACATA.1",1
"BC-A1-CCTGTAAGACATGATA.1",1
"BC-A1-CGAACCCGCATGCGTC.1",1
"BC-A1-CGAAGTTGCTCTGTGT.1",1
"BC-A1-CGACAGTTCGCGTTAT.1",1
"BC-A1-CGCGCATGTTTGATTG.1",1
"BC-A1-CGCTGTGACGCCGCAC.1",1
"BC-A1-CGGAACGTAAACATAG.1",1
"BC-A1-CGTACCTGATAGGCCT.1",1
"BC-A1-CGTTGTTTCAATTCCC.1",1
"BC-A1-CTAAAGAATGCCTACT.1",1
"BC-A1-CTAGTGAAGGACAGGA.1",1
"BC-A1-CTATTTGGTTACGGAT.1",1
"BC-A1-CTTGTACTTGTTGACT.1",1
"BC-A1-CTTGTTGCTGAGTCAA.1",1
"BC-A1-CTTTGGCTTTAGTAAA.1",1
"BC-A1-GAAGTCAGTTGCACTA.1",1
"BC-A1-GAATCGACATGGTCAC.1",1
"BC-A1-GAATGTTGGGTAATCT.1",1
"BC-A1-GAATTCACCCGGGTGT.1",1
"BC-A1-GACAACGCAGCTTACG.1",1
"BC-A1-GACACTGAGTTCAGTG.1",1
"BC-A1-GACGCCGTAAAGGCTA.1",1
"BC-A1-GAGACTTCGCGACCGA.1",1
"BC-A1-GAGAGGGCGCGAGGTT.1",1
"BC-A1-GAGATCTGCTTGGCAT.1",1
"BC-A1-GATACGATGGGAGTCA.1",1
"BC-A1-GATATGAGACACTAAC.1",1
"BC-A1-GATCTTTGCAGGGTAT.1",1
"BC-A1-GATGTTCAATCCACGA.1",1
"BC-A1-GATTACTGAATTTGGG.1",1
"BC-A1-GCAAATATTACGCTTT.1",1
"BC-A1-GCAGGACTATAGAATA.1",1
"BC-A1-GCCCGTAATACCTTCT.1",1
"BC-A1-GCCGAAATTCCTACGT.1",1
"BC-A1-GCCGCTTGTGAGAAAC.1",1
"BC-A1-GCGGCTCTGACGTACC.1",1
"BC-A1-GCGGTTCCCTATCATG.1",1
"BC-A1-GCGTCTCTGCATTGGG.1",1
"BC-A1-GCTCTATGTTACGTGC.1",1
"BC-A1-GGAACCGTGTAAATTG.1",1
"BC-A1-GGAATGCGCTAGCGTG.1",1
"BC-A1-GGATCCGGAATATACT.1",1
"BC-A1-GGCTATTAAGTTGTAT.1",1
"BC-A1-GGGAACGGGAGGTTAG.1",1
"BC-A1-GGGATGGTCGTAACCG.1",1
"BC-A1-GGGCGTCACCACGTAA.1",1
"BC-A1-GGGTACTTCATGAACT.1",1
"BC-A1-GGTAGACCGTTGGGCG.1",1
"BC-A1-GGTCTGAGAATCTGGA.1",1
"BC-A1-GTACAGAGGCAAGGGT.1",1
"BC-A1-GTACGAGATTGCGACA.1",1
"BC-A1-GTATAGGACTCAGTAG.1",1
"BC-A1-GTCGGATATCTCAGAC.1",1
"BC-A1-GTCTATCTGAGTTTCT.1",1
"BC-A1-GTCTGGGCGGTCGAGA.1",1
"BC-A1-GTGCCGCTTCAAAGGT.1",1
"BC-A1-GTGCGGGTCTCCAAAT.1",1
"BC-A1-GTGGTGGCCAAGTGAA.1",1
"BC-A1-GTGTACCTTGGCTACG.1",1
"BC-A1-GTGTCGTATAGCGTTC.1",1
"BC-A1-GTGTGAATAACTTAGG.1",1
"BC-A1-GTTAACATCACTTAAA.1",1
"BC-A1-GTTGAGTCCCGCCGGT.1",1
"BC-A1-GTTGCACGGAGTTTCG.1",1
"BC-A1-GTTTGGCCCAAGTTAT.1",1
"BC-A1-TAATACACAGTAGTAT.1",1
"BC-A1-TACCAGAAGTAGGTTC.1",1
"BC-A1-TACGAGAACTTCACGT.1",1
"BC-A1-TACGATGTTGATCATC.1",1
"BC-A1-TAGAAAGGTGGCGCTA.1",1
"BC-A1-TAGATATGGACTGGAA.1",1
"BC-A1-TAGCGTCCGGTGTGGT.1",1
"BC-A1-TAGCTAGAAGGCATGA.1",1
"BC-A1-TATGTCTCATTGTGCC.1",1
"BC-A1-TATTTGTTACCCTTTA.1",1
"BC-A1-TCACAGGGAATCGCAA.1",1
"BC-A1-TCAGTAGGGACTATAA.1",1
"BC-A1-TCCAACTTTAAATTCT.1",1
"BC-A1-TCCCGTGTGCAATTTG.1",1
"BC-A1-TCCGGTTCGTCCGGTC.1",1
"BC-A1-TCCTAGCAAAGAAGCT.1",1
"BC-A1-TCGAAATTTAGGACCA.1",1
"BC-A1-TCGTAAGACGACATTG.1",1
"BC-A1-TCGTTAGGAGTCCCTA.1",1
"BC-A1-TCTGCCAGAAACTGCA.1",1
"BC-A1-TCTTGGTAACACCAAA.1",1
"BC-A1-TGAGTGGTCCGTGACG.1",1
"BC-A1-TGATTCGTCTATCACT.1",1
"BC-A1-TGCATGTGGTAATCTA.1",1
"BC-A1-TGCGACACCCTAGTGC.1",1
"BC-A1-TGCGCGATTAACGGAG.1",1
"BC-A1-TGCGGAGTAAAGGTGC.1",1
"BC-A1-TGCGTAAGAACCTGAT.1",1
"BC-A1-TGGCGATCAAGTTATG.1",1
"BC-A1-TGTTCCGCTTCCATGA.1",1
"BC-A1-TGTTCTTCCATTGACT.1",1
"BC-A1-TTACTAAAGGACTTTA.1",1
"BC-A1-TTACTCCGGCCGGGAA.1",1
"BC-A1-TTAGACGAGTCACCTC.1",1
"BC-A1-TTATGATCTTAACGAA.1",1
"BC-A1-TTCCAATCTGGCTATC.1",1
"BC-A1-TTCCTCGAGGGTGTCT.1",1
"BC-A1-TTCGACGGGAAGGGCG.1",1
"BC-A1-TTCTGCGGGTTAGCGG.1",1
"BC-A1-TTGACTACCATATGGT.1",1
"BC-A1-TTGGATATCGTCTACG.1",1
"BC-A1-TTGGTCACACTCGTAA.1",1
"BC-B1-AAACTGCTGGCTCCAA.1",1
"BC-B1-AAAGGGATGTAGCAAG.1",1
"BC-B1-AAATACCTATAAGCAT.1",1
"BC-B1-AAATCGTGTACCACAA.1",1
"BC-B1-AACAGGATGGGCCGCG.1",1
"BC-B1-AACGATATGTCAACTG.1",1
"BC-B1-AACGCGGTCTCCAGCC.1",1
"BC-B1-AACGTACTGTGGGTAC.1",1
"BC-B1-AACTCAAGTTAATTGC.1",1
"BC-B1-AACTCTCAATAGAGCG.1",1
"BC-B1-AACTGGGTCCCGACGT.1",1
"BC-B1-AAGACTGCAAGCTACT.1",1
"BC-B1-AAGGAGCGGTTGGTGC.1",1
"BC-B1-AAGGATGAGGGACCTC.1",1
"BC-B1-AAGGCTGTGCTCATCG.1",1
"BC-B1-AAGGTATCCTAATATA.1",1
"BC-B1-AAGTAGTGACGCGAGG.1",1
"BC-B1-AATAACAACGCTCGGC.1",1
"BC-B1-AATAGAACAGAGTGGC.1",1
"BC-B1-AATCTGCGTTGGGACG.1",1
"BC-B1-ACAAATGGTAGTGTTT.1",1
"BC-B1-ACAAGGAAATCCGCCC.1",1
"BC-B1-ACAAGGACAAGAGGTT.1",1
"BC-B1-ACAATCCATTTAAACC.1",1
"BC-B1-ACAATTTGAGCAGTGG.1",1
"BC-B1-ACACTGATCAAGGTGT.1",1
"BC-B1-ACATCGATCGTTTACC.1",1
"BC-B1-ACATCGGTCAGCCGCG.1",1
"BC-B1-ACCAACGCTTATTTAT.1",1
"BC-B1-ACCACGTGCAGCTATA.1",1
"BC-B1-ACCATCGTATATGGTA.1",1
"BC-B1-ACCCAACGCCCGTGGC.1",1
"BC-B1-ACCCATCTTGAGGGTA.1",1
"BC-B1-ACCGATGGTAGCATCG.1",1
"BC-B1-ACCTAATCGACTTCCT.1",1
"BC-B1-ACGCCGCTAGACGACC.1",1
"BC-B1-ACGGCCAACATGGACT.1",1
"BC-B1-ACGGCGACGATGGGAA.1",1
"BC-B1-ACGTTAATGTCGAAGA.1",1
"BC-B1-ACGTTAGATTTGCCCG.1",1
"BC-B1-ACTCCCTAGAATAGTA.1",1
"BC-B1-ACTCTTGTATAGTAAC.1",1
"BC-B1-ACTGAATGGCGAAAGT.1",1
"BC-B1-ACTTATACTTACCCGG.1",1
"BC-B1-ACTTGACTCCCTCTTT.1",1
"BC-B1-ACTTGGGACCCGGTGG.1",1
"BC-B1-AGAAGGTTGCCGAATT.1",1
"BC-B1-AGACCCACCGCTGATC.1",1
"BC-B1-AGACTAGCCTTCCAGA.1",1
"BC-B1-AGAGAACCGTCTAGGA.1",1
"BC-B1-AGATAACTTCAGGGCC.1",1
"BC-B1-AGATACCGGTGTTCAC.1",1
"BC-B1-AGATACTCAAGATCGA.1",1
"BC-B1-AGCACTTAAGGACGCC.1",1
"BC-B1-AGCATCGTCGATAATT.1",1
"BC-B1-AGCGTGGTATTCTACT.1",1
"BC-B1-AGCTCTTTACTCAGTT.1",1
"BC-B1-AGGACGACCCATTAGA.1",1
"BC-B1-AGGCAGATGCGTAAAC.1",1
"BC-B1-AGGCTATGGTTAGCTT.1",1
"BC-B1-AGGGCTGCAGTTACAG.1",1
"BC-B1-AGGGTGCTCTCGAGGG.1",1
"BC-B1-AGGGTTCCCTTTGGTT.1",1
"BC-B1-AGGTAGGTACAAAGCT.1",1
"BC-B1-AGGTTGAGGCACGCTT.1",1
"BC-B1-AGGTTTCACACACCTT.1",1
"BC-B1-AGTACGGGCACCTGGC.1",1
"BC-B1-AGTATAATACTAGGCA.1",1
"BC-B1-AGTGACCTACTTTACG.1",1
"BC-B1-AGTGAGACTTCCAGTA.1",1
"BC-B1-AGTGATTCAAGCAGGA.1",1
"BC-B1-AGTGCGTAGCTCGTAA.1",1
"BC-B1-AGTTCCTATTTATGTT.1",1
"BC-B1-ATAAGGTGGAGAACAT.1",1
"BC-B1-ATACTAGCATGACCCT.1",1
"BC-B1-ATAGACAACGGGACCT.1",1
"BC-B1-ATAGAGTACTGGGACA.1",1
"BC-B1-ATAGGGATATCCTTGA.1",1
"BC-B1-ATAGTGAAGCGTTCTC.1",1
"BC-B1-ATATCTTAGGGCCTTC.1",1
"BC-B1-ATATTCAGTTAAACCT.1",1
"BC-B1-ATCAGACGGCACGCCG.1",1
"BC-B1-ATCCAGAGCAACAACC.1",1
"BC-B1-ATCCAGGATTCGTGAA.1",1
"BC-B1-ATCCTACCTAAGCTCT.1",1
"BC-B1-ATCCTGCGTGGAATGG.1",1
"BC-B1-ATCGACTCTTTCCGTT.1",1
"BC-B1-ATGAAGCCAAGGAGCC.1",1
"BC-B1-ATGGAGCAGGCCGTGA.1",1
"BC-B1-ATGTGGACATCTTGAT.1",1
"BC-B1-ATTAATACTACGCGGG.1",1
"BC-B1-ATTAATGAACCAGTCG.1",1
"BC-B1-ATTATGCCATAGGGAG.1",1
"BC-B1-ATTCATATACTGTCCA.1",1
"BC-B1-ATTCCTCCGCCAGTGC.1",1
"BC-B1-ATTTACAGTTTACTGG.1",1
"BC-B1-CAAACGAGTATCGCAG.1",1
"BC-B1-CAAACGGTCGCACTTT.1",1
"BC-B1-CAACGACCCGTTTACA.1",1
"BC-B1-CAAGGATCGCATGTTC.1",1
"BC-B1-CAATGGATCTCTACCA.1",1
"BC-B1-CAATTTCGTATAAGGG.1",1
"BC-B1-CACACGCGCTGTCTTA.1",1
"BC-B1-CACAGCTAGGGAGTGA.1",1
"BC-B1-CACATATTAGCAGGAT.1",1
"BC-B1-CACATGATTCAGCAAC.1",1
"BC-B1-CACGCAGCGAGGCTTT.1",1
"BC-B1-CACTCAAGAGCTATGG.1",1
"BC-B1-CACTCGAGCTGAACAA.1",1
"BC-B1-CAGACACCGATCGCTG.1",1
"BC-B1-CAGACGAACCTGATAC.1",1
"BC-B1-CAGCCTCCTGCAGAGG.1",1
"BC-B1-CAGCTCGACAAGTTAA.1",1
"BC-B1-CAGTCTGTATACTGGG.1",1
"BC-B1-CAGTGAATAAATGACT.1",1
"BC-B1-CATACCCGTACCCAGT.1",1
"BC-B1-CATACGGCGTCTGGGC.1",1
"BC-B1-CATATAGGTACAGTCA.1",1
"BC-B1-CATGATGCACAATTCT.1",1
"BC-B1-CATGGTAAGTAGCGTT.1",1
"BC-B1-CATTTGAGTGGTACGT.1",1
"BC-B1-CCAAACAGAACCCTCG.1",1
"BC-B1-CCAACGATGCACTGAT.1",1
"BC-B1-CCAAGAAAGTGGGCGA.1",1
"BC-B1-CCAAGACTTCTGCGAA.1",1
"BC-B1-CCAATTGAATGTTAAT.1",1
"BC-B1-CCACAATGTACGTCTT.1",1
"BC-B1-CCAGATAGTTGAGTGA.1",1
"BC-B1-CCAGCCTGGACCAATA.1",1
"BC-B1-CCAGGGACGTGGCCTC.1",1
"BC-B1-CCATGCTCTGCAGGAA.1",1
"BC-B1-CCATTAGCGATAATCC.1",1
"BC-B1-CCATTCCCTGCCCACA.1",1
"BC-B1-CCCAAACATGCTGCTC.1",1
"BC-B1-CCCAATTTCACAACTT.1",1
"BC-B1-CCCGCAGCGCGAACTA.1",1
"BC-B1-CCCTGAAATGAGTTGA.1",1
"BC-B1-CCCTTTGACAGGTCTT.1",1
"BC-B1-CCGAACCTTCCCGGCC.1",1
"BC-B1-CCGCGGAATGCGTCAC.1",1
"BC-B1-CCGCTATCAGCACCAG.1",1
"BC-B1-CCGGAATGGTTTCAGT.1",1
"BC-B1-CCGGGTTCGAGGTTAC.1",1
"BC-B1-CCTAAATTAACGGTTC.1",1
"BC-B1-CCTACTGCTTACACTT.1",1
"BC-B1-CCTAGGCGTAGCGATC.1",1
"BC-B1-CCTCCGACAATTCAAG.1",1
"BC-B1-CCTCTCTCCCATCTAG.1",1
"BC-B1-CCTCTGTACTATTCTA.1",1
"BC-B1-CCTGAATATTTACATA.1",1
"BC-B1-CCTGACCACCGATGGT.1",1
"BC-B1-CCTGGCTAGACCCGCC.1",1
"BC-B1-CCTGTAAGACATGATA.1",1
"BC-B1-CCTGTCGCCCGTAAAT.1",1
"BC-B1-CGAAACGCAATTCATG.1",1
"BC-B1-CGAACCCGCATGCGTC.1",1
"BC-B1-CGAAGTTGCTCTGTGT.1",1
"BC-B1-CGACAGTTCGCGTTAT.1",1
"BC-B1-CGAGTTCTGTCCCACC.1",1
"BC-B1-CGATACCTCGCGGACA.1",1
"BC-B1-CGCAATTACTTTCGGT.1",1
"BC-B1-CGCAATTCTACAATAA.1",1
"BC-B1-CGCATGGTGCGATGCT.1",1
"BC-B1-CGCCATCCGATTATGA.1",1
"BC-B1-CGCCTCCCTCCTCTAT.1",1
"BC-B1-CGCGCATGTTTGATTG.1",1
"BC-B1-CGCGTTCATGAAATAC.1",1
"BC-B1-CGCTATTCTTAGGCTC.1",1
"BC-B1-CGCTCGACATAATGAT.1",1
"BC-B1-CGCTCTCCGTAGATTA.1",1
"BC-B1-CGCTTTCTTGCATTCG.1",1
"BC-B1-CGGAACGTAAACATAG.1",1
"BC-B1-CGGAGCAATTTAATCG.1",1
"BC-B1-CGGAGCATGGCGATCC.1",1
"BC-B1-CGGAGTTTGAGAGACA.1",1
"BC-B1-CGGCAAACATCGTGCG.1",1
"BC-B1-CGGCAGGGTCGGGTTG.1",1
"BC-B1-CGGCCACGCACAAAGT.1",1
"BC-B1-CGGGAATTTATGTAAA.1",1
"BC-B1-CGGGATCAATGTAAGA.1",1
"BC-B1-CGGGCCTTCTTTGTAA.1",1
"BC-B1-CGGGTGTACCCATTTA.1",1
"BC-B1-CGGTACTAGAATCAAA.1",1
"BC-B1-CGGTCAAGTGGGAACC.1",1
"BC-B1-CGGTGCAGATAGAACG.1",1
"BC-B1-CGTGAAGTTAATTCAC.1",1
"BC-B1-CGTGCATTGTCGACGC.1",1
"BC-B1-CGTTGAGCGACCGTCG.1",1
"BC-B1-CGTTGTTTCAATTCCC.1",1
"BC-B1-CGTTTCGCTCATTACA.1",1
"BC-B1-CTAAAGAATGCCTACT.1",1
"BC-B1-CTAAAGGGAAATAGGA.1",1
"BC-B1-CTAAATCCTATTCCGG.1",1
"BC-B1-CTAACCGCGCGCCCGT.1",1
"BC-B1-CTAACGAAACTTGCTG.1",1
"BC-B1-CTAAGGGAATGATTGG.1",1
"BC-B1-CTAATTCGCACGCGCT.1",1
"BC-B1-CTAGTCACGTCTTAAG.1",1
"BC-B1-CTAGTGAAGGACAGGA.1",1
"BC-B1-CTATCGGGTCTCAACA.1",1
"BC-B1-CTCATTTGATGGGCGG.1",1
"BC-B1-CTCCGCCCACATGAGG.1",1
"BC-B1-CTCGCACCTATATAGT.1",1
"BC-B1-CTCTTGTCCCGCTTGG.1",1
"BC-B1-CTGCCATGCATCACAT.1",1
"BC-B1-CTGGATTTACACTTGA.1",1
"BC-B1-CTGGCTGGTTGTCAGT.1",1
"BC-B1-CTGTGCAGGGTAGGTC.1",1
"BC-B1-CTGTTACCCAATCTAG.1",1
"BC-B1-CTGTTCACTGCCTGTG.1",1
"BC-B1-CTGTTCATCTCACGGG.1",1
"BC-B1-CTTACACGGTATTCCA.1",1
"BC-B1-CTTCATAGCTCAAGAA.1",1
"BC-B1-CTTCATTGTCAGTGGA.1",1
"BC-B1-CTTCTATTAATGCTAG.1",1
"BC-B1-CTTGCCCAGGCTCTAC.1",1
"BC-B1-CTTGTACTTGTTGACT.1",1
"BC-B1-CTTGTCAACATTCGAG.1",1
"BC-B1-CTTTAACTTTCAAAGG.1",1
"BC-B1-CTTTAGTGCTATTATT.1",1
"BC-B1-CTTTGGCTTTAGTAAA.1",1
"BC-B1-GAAACCGAATTACCTT.1",1
"BC-B1-GAAAGTGACTAACTGC.1",1
"BC-B1-GAAATTGTCTCTATAA.1",1
"BC-B1-GAACACACATCAACCA.1",1
"BC-B1-GAAGCGTGAGGAATTT.1",1
"BC-B1-GAAGCTTGCTGACCGC.1",1
"BC-B1-GAAGTCAGTTGCACTA.1",1
"BC-B1-GAATCTGAACATTCTC.1",1
"BC-B1-GAATGTTGGGTAATCT.1",1
"BC-B1-GAATTCACCCGGGTGT.1",1
"BC-B1-GAATTTCTCGCTGCAG.1",1
"BC-B1-GACAACGACCATTGAA.1",1
"BC-B1-GACAACGCAGCTTACG.1",1
"BC-B1-GACACTGAGTTCAGTG.1",1
"BC-B1-GACATCGATTTATAAC.1",1
"BC-B1-GACGCCGTAAAGGCTA.1",1
"BC-B1-GACGCTTGCTTCTAAA.1",1
"BC-B1-GAGACTTCGCGACCGA.1",1
"BC-B1-GAGAGGGCGCGAGGTT.1",1
"BC-B1-GAGGAATGGAGAGGTT.1",1
"BC-B1-GAGGGCGCAGCTCTGC.1",1
"BC-B1-GAGTATGCCCGCCTTG.1",1
"BC-B1-GAGTCCGCTTACCGGA.1",1
"BC-B1-GATAACTCGCACTGTG.1",1
"BC-B1-GATACGATGGGAGTCA.1",1
"BC-B1-GATAGGTAACGTTGAC.1",1
"BC-B1-GATCGACACTATCTGA.1",1
"BC-B1-GATCTTGGAGGGCATA.1",1
"BC-B1-GATCTTTGCAGGGTAT.1",1
"BC-B1-GATGTTCAATCCACGA.1",1
"BC-B1-GATTACTGAATTTGGG.1",1
"BC-B1-GATTCGACGGTTCACG.1",1
"BC-B1-GCAAATATTACGCTTT.1",1
"BC-B1-GCAGATTAGGGATATC.1",1
"BC-B1-GCAGCACACAGCCCAG.1",1
"BC-B1-GCAGGACTATAGAATA.1",1
"BC-B1-GCATAGAGCACTCAGG.1",1
"BC-B1-GCATGAGGGACGCGGC.1",1
"BC-B1-GCCACAATTTAAGGAC.1",1
"BC-B1-GCCATCGAGCTGCGTG.1",1
"BC-B1-GCCCAGTTGGTATGCC.1",1
"BC-B1-GCCCGCGCGTTTGACA.1",1
"BC-B1-GCCCGTAATACCTTCT.1",1
"BC-B1-GCCGATTGGCCAAGCT.1",1
"BC-B1-GCCGCTTGTGAGAAAC.1",1
"BC-B1-GCCTAGCGATCTGACC.1",1
"BC-B1-GCCTATTCCGATATAG.1",1
"BC-B1-GCGAGTTCTGCAAAGA.1",1
"BC-B1-GCGCCGTTCCACGATA.1",1
"BC-B1-GCGGCTCTGACGTACC.1",1
"BC-B1-GCGGTTCCCTATCATG.1",1
"BC-B1-GCGTCTCTGCATTGGG.1",1
"BC-B1-GCTAATACCGAATGCC.1",1
"BC-B1-GCTACGACTTATTGGG.1",1
"BC-B1-GCTAGTAGAGCTTGTA.1",1
"BC-B1-GCTGAGGCGTGAGTAT.1",1
"BC-B1-GCTGCACGGTTTCTTA.1",1
"BC-B1-GCTGGCATATTCACCT.1",1
"BC-B1-GCTTAATGTAACTAAC.1",1
"BC-B1-GCTTATGAAGCAGGAA.1",1
"BC-B1-GCTTGATGATAATCAG.1",1
"BC-B1-GGAACCGTGTAAATTG.1",1
"BC-B1-GGACCAACAGGATAAC.1",1
"BC-B1-GGAGACGACACCTTTG.1",1
"BC-B1-GGAGCACCAAGAACTA.1",1
"BC-B1-GGATGTCCTTACCGCA.1",1
"BC-B1-GGCAAGGCGAAATAGC.1",1
"BC-B1-GGCATACAGGTAGCGG.1",1
"BC-B1-GGCGTCCTATCCGCTG.1",1
"BC-B1-GGCTATTAAGTTGTAT.1",1
"BC-B1-GGCTCGTGCCACCAGC.1",1
"BC-B1-GGCTGAAATAGCAAAG.1",1
"BC-B1-GGGATGGTCGTAACCG.1",1
"BC-B1-GGGCCCGTCTTAAACA.1",1
"BC-B1-GGGCGGCAAATGAATT.1",1
"BC-B1-GGGCGGGTTCCCTACG.1",1
"BC-B1-GGGCGTCACCACGTAA.1",1
"BC-B1-GGGTACTTCATGAACT.1",1
"BC-B1-GGGTATGTATGCACTT.1",1
"BC-B1-GGGTGACACCTTAACT.1",1
"BC-B1-GGGTTAACATTTGAGT.1",1
"BC-B1-GGTAGACCGTTGGGCG.1",1
"BC-B1-GGTTAGGCTTGGAGAA.1",1
"BC-B1-GGTTTCAATCGGTCAG.1",1
"BC-B1-GTAAGCGGGCAGTCAG.1",1
"BC-B1-GTAATCTGATTCTTCG.1",1
"BC-B1-GTACACTTACCTGAAG.1",1
"BC-B1-GTACGCTTCATTGCAC.1",1
"BC-B1-GTACGTTTGCCCGTCA.1",1
"BC-B1-GTAGCCAAACATGGGA.1",1
"BC-B1-GTAGCGGCTATACACT.1",1
"BC-B1-GTAGCTTCCTCTTGTT.1",1
"BC-B1-GTATAGGACTCAGTAG.1",1
"BC-B1-GTATCTTTCATAACCA.1",1
"BC-B1-GTCACTCTCCAAATCT.1",1
"BC-B1-GTCAGAATAGTCTATG.1",1
"BC-B1-GTCATTAGAGCGAACG.1",1
"BC-B1-GTCCGGCTGAATTGCG.1",1
"BC-B1-GTCGGATATCTCAGAC.1",1
"BC-B1-GTCTGGGCGGTCGAGA.1",1
"BC-B1-GTGATCATAGATCTGC.1",1
"BC-B1-GTGCCCGTTCGGATTC.1",1
"BC-B1-GTGCCGCTTCAAAGGT.1",1
"BC-B1-GTGCGAAATCGAACAC.1",1
"BC-B1-GTGCGGGTCTCCAAAT.1",1
"BC-B1-GTGCGTGTATATGAGC.1",1
"BC-B1-GTGGGCTTAGACACAC.1",1
"BC-B1-GTTACAATTGGTGACG.1",1
"BC-B1-GTTACCTACAACTTGC.1",1
"BC-B1-GTTACTTTGGGCCTAG.1",1
"BC-B1-GTTATATTATCTCCCT.1",1
"BC-B1-GTTCACAGGAGTCTAG.1",1
"BC-B1-GTTGAACCGGTTCCAT.1",1
"BC-B1-GTTTACGTTCCATCTG.1",1
"BC-B1-GTTTCCTGGAGGGTGA.1",1
"BC-B1-GTTTGGGCTTGTGAGC.1",1
"BC-B1-GTTTGGTAGGGTCAAC.1",1
"BC-B1-TAAAGCGTTAGGAGAA.1",1
"BC-B1-TAACAAAGGGAGAAGC.1",1
"BC-B1-TAACATACAATGTGGG.1",1
"BC-B1-TAACGCTTTGAGAGCG.1",1
"BC-B1-TAACTATCGAAGGTCC.1",1
"BC-B1-TAACTCATCCGCGCGG.1",1
"BC-B1-TAAGTAACATCTTGAC.1",1
"BC-B1-TAATACACAGTAGTAT.1",1
"BC-B1-TAATAGTGACGACCAG.1",1
"BC-B1-TACAACGCACAACTCA.1",1
"BC-B1-TACATAGGCATACACC.1",1
"BC-B1-TACATTTCTAACGTGC.1",1
"BC-B1-TACCAGAAGTAGGTTC.1",1
"BC-B1-TACGACGCTTGCTGCG.1",1
"BC-B1-TACGACTGCCTCTTAG.1",1
"BC-B1-TACGATGTTGATCATC.1",1
"BC-B1-TACGCCATATTCTAAT.1",1
"BC-B1-TACGTTTACCGGCAAT.1",1
"BC-B1-TAGACGCCCGTACCGG.1",1
"BC-B1-TAGATATGGACTGGAA.1",1
"BC-B1-TAGCGTTGGGTCTTAC.1",1
"BC-B1-TAGCTAGAAGGCATGA.1",1
"BC-B1-TAGCTCGCCTGATAAC.1",1
"BC-B1-TAGGTGAGCCCTACTC.1",1
"BC-B1-TAGTCTAACAACGAGA.1",1
"BC-B1-TATAAATCCACAAGCT.1",1
"BC-B1-TATAAGTGAGGATAGC.1",1
"BC-B1-TATCTACCACAGCGGG.1",1
"BC-B1-TATGGCCCGGCCTCGC.1",1
"BC-B1-TATTCCACTCAGCTCG.1",1
"BC-B1-TCAAACAACCGCGTCG.1",1
"BC-B1-TCAACGAGGAGACAAA.1",1
"BC-B1-TCACAGCAAACTCGAA.1",1
"BC-B1-TCACAGGGAATCGCAA.1",1
"BC-B1-TCACAGGTTATTGGGC.1",1
"BC-B1-TCACCCTCTTAAGATT.1",1
"BC-B1-TCACGTGCCCGATTCA.1",1
"BC-B1-TCAGACGCTATAGAAG.1",1
"BC-B1-TCAGGTTCTTTGAGAA.1",1
"BC-B1-TCAGTACTGACCCGCG.1",1
"BC-B1-TCAGTAGGGACTATAA.1",1
"BC-B1-TCCAACTTTAAATTCT.1",1
"BC-B1-TCCACAATGGTTTACG.1",1
"BC-B1-TCCAGAGCACCGGTTC.1",1
"BC-B1-TCCCGGGTGTGCTGCT.1",1
"BC-B1-TCCCGTCAGTCCCGCA.1",1
"BC-B1-TCCGATGACTGAGCTC.1",1
"BC-B1-TCCGATTACATTGCCG.1",1
"BC-B1-TCCGCTTATCCCATTA.1",1
"BC-B1-TCCGGTTCGTCCGGTC.1",1
"BC-B1-TCCGTTTAGCCTTGAA.1",1
"BC-B1-TCCTAGCAAAGAAGCT.1",1
"BC-B1-TCCTCTACGAGATGGC.1",1
"BC-B1-TCGCAAAGATGCATTT.1",1
"BC-B1-TCGCGTCCAGAAGGTC.1",1
"BC-B1-TCGTCCGCTGGCGTCT.1",1
"BC-B1-TCGTTAGGAGTCCCTA.1",1
"BC-B1-TCTAGCATGCCCAGAA.1",1
"BC-B1-TCTATCGGTCGCAACA.1",1
"BC-B1-TCTCTAATAGCTGGTA.1",1
"BC-B1-TCTGAACCGGTCGGCT.1",1
"BC-B1-TCTGAATTCCGTACAA.1",1
"BC-B1-TCTGGGTAGCGCTCAT.1",1
"BC-B1-TCTTACGGCATCCGAC.1",1
"BC-B1-TCTTGGTAACACCAAA.1",1
"BC-B1-TGAGCCATACAGTCTC.1",1
"BC-B1-TGAGTAAATTAGCGTA.1",1
"BC-B1-TGAGTGCCTCTTAAAT.1",1
"BC-B1-TGAGTGGTCCGTGACG.1",1
"BC-B1-TGATCTCCGGCGCCAG.1",1
"BC-B1-TGATTCGTCTATCACT.1",1
"BC-B1-TGATTCTGTCGCCGGT.1",1
"BC-B1-TGATTTATTAGCTGTG.1",1
"BC-B1-TGCAGTTTCCTCCCAT.1",1
"BC-B1-TGCATGTGGTAATCTA.1",1
"BC-B1-TGCCAATGGGTACTCT.1",1
"BC-B1-TGCGACACCCTAGTGC.1",1
"BC-B1-TGCGGAGTAAAGGTGC.1",1
"BC-B1-TGCGTAAGAACCTGAT.1",1
"BC-B1-TGCTGGTTGGACAATT.1",1
"BC-B1-TGCTGTTGAAGAACTC.1",1
"BC-B1-TGGAAGAAGGGAACGT.1",1
"BC-B1-TGGAAGGATAAAGATG.1",1
"BC-B1-TGGCAGATTACGATCA.1",1
"BC-B1-TGGCAGCAGTAATAGT.1",1
"BC-B1-TGGTTCAACGGGTAAT.1",1
"BC-B1-TGTACGAACAAATCCG.1",1
"BC-B1-TGTAGGAGAAATTTCC.1",1
"BC-B1-TGTCCTAAGTCACCGC.1",1
"BC-B1-TGTGGCAAAGCGTATG.1",1
"BC-B1-TGTGTCGCGAGTTGCA.1",1
"BC-B1-TGTTCGTATTGCGGTG.1",1
"BC-B1-TGTTGTCAAGAAGTCT.1",1
"BC-B1-TTAAGCGCCTGACCCA.1",1
"BC-B1-TTACGGATGGTTCGAG.1",1
"BC-B1-TTACTGGGATATTTCA.1",1
"BC-B1-TTAGAAGAACATGACT.1",1
"BC-B1-TTATCTGTATCATAAC.1",1
"BC-B1-TTATGAATGAAAGGGA.1",1
"BC-B1-TTATGACAAACTGGAT.1",1
"BC-B1-TTCAACGACCCGACCG.1",1
"BC-B1-TTCCAATCTGGCTATC.1",1
"BC-B1-TTCCACACAGATTTGA.1",1
"BC-B1-TTCCTCGAGGGTGTCT.1",1
"BC-B1-TTCGTACTCCAGAACG.1",1
"BC-B1-TTCTAACCGAAGCTTA.1",1
"BC-B1-TTCTACTTGCGAGGGC.1",1
"BC-B1-TTCTAGGCCAATTGTG.1",1
"BC-B1-TTCTGCCGCGCCTAGA.1",1
"BC-B1-TTCTTGAGCCGCGCTA.1",1
"BC-B1-TTCTTGTAACCTAATG.1",1
"BC-B1-TTGAAGAATTCCCAGG.1",1
"BC-B1-TTGACTACCATATGGT.1",1
"BC-B1-TTGAGAGTACTGCTAA.1",1
"BC-B1-TTGATCTAACTTTGTC.1",1
"BC-B1-TTGATTATGCAGATGA.1",1
"BC-B1-TTGCACAATTCAGAAA.1",1
"BC-B1-TTGCACGGAGCAGCAC.1",1
"BC-B1-TTGCATGCTGATCACG.1",1
"BC-B1-TTGCCCTGATCACGGG.1",1
"BC-B1-TTGCTCCCATACCGGA.1",1
"BC-B1-TTGGCTCGCATGAGAC.1",1
"BC-B1-TTGGTCACACTCGTAA.1",1
"BC-B1-TTGTAAGGCCAGTTGG.1",1
"BC-C1-AAAGGGATGTAGCAAG.1",1
"BC-C1-AACGTGCGAAAGTCTC.1",1
"BC-C1-AAGAGCTCTTTATCGG.1",1
"BC-C1-AATCGCCTCAGCGCCA.1",1
"BC-C1-AATGACGTAGGATGTC.1",1
"BC-C1-AATGCAACCGGGTACC.1",1
"BC-C1-ACACAAAGACGGGTGG.1",1
"BC-C1-ACCGACTGAGTCCCAC.1",1
"BC-C1-ACGATCATACATAGAG.1",1
"BC-C1-ACTCGTCAGTAATCCC.1",1
"BC-C1-ACTCTCTGACTTAGGT.1",1
"BC-C1-AGATGACTCGCCCACG.1",1
"BC-C1-AGCACCAGTACTCACG.1",1
"BC-C1-AGCATCGTCGATAATT.1",1
"BC-C1-AGCGACCAACGATATT.1",1
"BC-C1-AGCTCTAGACGTTCCA.1",1
"BC-C1-ATACGCCGGCGAAACC.1",1
"BC-C1-ATAGGTTGGGCAGATG.1",1
"BC-C1-ATCGACCCAATACAGA.1",1
"BC-C1-ATCGACTCTTTCCGTT.1",1
"BC-C1-ATCGCACGCCGGGAGA.1",1
"BC-C1-ATGCATGATCCAGGAT.1",1
"BC-C1-ATGTGCATCCGACGCA.1",1
"BC-C1-ATTAAACATGCGGACC.1",1
"BC-C1-ATTATGCCATAGGGAG.1",1
"BC-C1-ATTCATATACTGTCCA.1",1
"BC-C1-CAGGATATATCGTTGT.1",1
"BC-C1-CATGGTCTAGATACCG.1",1
"BC-C1-CCACCCAAGGAAAGTG.1",1
"BC-C1-CCGCACAAAGACCAAC.1",1
"BC-C1-CCTGACCACCGATGGT.1",1
"BC-C1-CCTGTCACCCGGGCTC.1",1
"BC-C1-CGAGACCCTAGAGTGT.1",1
"BC-C1-CGAGGGACTGCGGTCG.1",1
"BC-C1-CGGGATCAATGTAAGA.1",1
"BC-C1-CGTGCAGACTGGGACA.1",1
"BC-C1-CGTGCCCTCCCGAAGA.1",1
"BC-C1-CTACGCACGGAGTACC.1",1
"BC-C1-CTACTGCCACCTGACC.1",1
"BC-C1-CTAGATTTACGACGGC.1",1
"BC-C1-CTGGGTAGGCAGTTAA.1",1
"BC-C1-CTGTTCACTGCCTGTG.1",1
"BC-C1-CTTGTTGCTGAGTCAA.1",1
"BC-C1-CTTTAGTGCTATTATT.1",1
"BC-C1-GACAACGCAGCTTACG.1",1
"BC-C1-GACTAAGATCATGCAC.1",1
"BC-C1-GATCCGGGAATTAACA.1",1
"BC-C1-GATCGGTGGCCATAAC.1",1
"BC-C1-GCGATTGTTAACGTTA.1",1
"BC-C1-GCGTCTCTGCATTGGG.1",1
"BC-C1-GCTCTAAACCCTGACG.1",1
"BC-C1-GGCGGTAGGATCATTG.1",1
"BC-C1-GGGCGTACATTTATAT.1",1
"BC-C1-GGTGATAAGGAGCAGT.1",1
"BC-C1-GTACGAGATTGCGACA.1",1
"BC-C1-GTCAAGCGGACTCGGG.1",1
"BC-C1-GTCATGGACATGACTA.1",1
"BC-C1-GTCGCGTAACCCGTTG.1",1
"BC-C1-GTGAGGACACTTAAGG.1",1
"BC-C1-GTGATCATAGATCTGC.1",1
"BC-C1-GTGCGGGTCTCCAAAT.1",1
"BC-C1-GTGTTACTATGCGTCC.1",1
"BC-C1-GTTTGGCCCAAGTTAT.1",1
"BC-C1-TAGGGTGTTTCAAGAG.1",1
"BC-C1-TCACCCTCTTAAGATT.1",1
"BC-C1-TCCCAAAGACGAAGGA.1",1
"BC-C1-TCCTCGGGCTGGGCTT.1",1
"BC-C1-TCTACCGTCCACAAGC.1",1
"BC-C1-TCTCTAATAGCTGGTA.1",1
"BC-C1-TCTGCCAGAAACTGCA.1",1
"BC-C1-TGCGTTTGTTGACACT.1",1
"BC-C1-TGGCAGATTACGATCA.1",1
"BC-C1-TGGTTCGTAGCAAAGG.1",1
"BC-C1-TTAATGTAGACCAGGT.1",1
"BC-C1-TTATATACGCTGTCAC.1",1
"BC-C1-TTATATTTGGCAATCC.1",1
"BC-C1-TTCAAAGTCTCTAGCC.1",1
"BC-C1-TTCTGCGGGTTAGCGG.1",1
"BC-C1-TTGAATATGGACTTTC.1",1
"BC-C1-TTGTCGTTCAGTTACC.1",1
"BC-C1-TTGTTCAGTGTGCTAC.1",1
"DC-A1-AAAGGGATGTAGCAAG.1",3
"DC-A1-AAATACCTATAAGCAT.1",3
"DC-A1-AAATCGTGTACCACAA.1",3
"DC-A1-AAATGGTCAATGTGCC.1",3
"DC-A1-AAATTAACGGGTAGCT.1",3
"DC-A1-AACCGAGCTTGGTCAT.1",3
"DC-A1-AACGCGGTCTCCAGCC.1",3
"DC-A1-AACGTGCGAAAGTCTC.1",3
"DC-A1-AAGACTGCAAGCTACT.1",3
"DC-A1-AAGAGCTCTTTATCGG.1",3
"DC-A1-AAGCTAGATCGAGTAA.1",3
"DC-A1-AAGCTCGTGCCAAGTC.1",3
"DC-A1-AAGGAGCGGTTGGTGC.1",3
"DC-A1-AATGACGTAGGATGTC.1",3
"DC-A1-AATGCAACCGGGTACC.1",3
"DC-A1-AATTAAAGGTCGGCGT.1",3
"DC-A1-AATTAGCGCTGCAGCG.1",3
"DC-A1-AATTCTAGAGTTAGGC.1",3
"DC-A1-ACAACAGCATGAGCTA.1",3
"DC-A1-ACAAGGAAATCCGCCC.1",3
"DC-A1-ACAAGGGCAGGCTCTG.1",3
"DC-A1-ACACAAAGACGGGTGG.1",3
"DC-A1-ACACCCAGCATGCAGC.1",3
"DC-A1-ACACGAGACTCCTTCT.1",3
"DC-A1-ACACGGGAACTTAGGG.1",3
"DC-A1-ACATCGATCGTTTACC.1",3
"DC-A1-ACCACAAGTTTCTATC.1",3
"DC-A1-ACCACGTGCAGCTATA.1",3
"DC-A1-ACCATATCCGCAATAA.1",3
"DC-A1-ACCCGGTTACACTTCC.1",3
"DC-A1-ACCGACTGAGTCCCAC.1",3
"DC-A1-ACGATCATACATAGAG.1",3
"DC-A1-ACGCATTCGTGAGTAC.1",3
"DC-A1-ACGCGAAGTCAGACGA.1",3
"DC-A1-ACGCGGGCCAAGGACA.1",3
"DC-A1-ACGTAGATTGCTGATG.1",3
"DC-A1-ACGTTAATGTCGAAGA.1",3
"DC-A1-ACTCAATAAAGGCACG.1",3
"DC-A1-ACTCCCTAGAATAGTA.1",3
"DC-A1-ACTCGTCAGTAATCCC.1",3
"DC-A1-ACTCTCTGACTTAGGT.1",3
"DC-A1-ACTCTTGTATAGTAAC.1",3
"DC-A1-ACTGTCCAGGATTATA.1",3
"DC-A1-ACTGTCTTCTTTAGAA.1",3
"DC-A1-ACTTATTAGGATCGGT.1",3
"DC-A1-ACTTCGCCATACGCAC.1",3
"DC-A1-ACTTGACTCCCTCTTT.1",3
"DC-A1-ACTTTCCTATAGCTTC.1",3
"DC-A1-AGAACGTGGTACATTC.1",3
"DC-A1-AGACCCACCGCTGATC.1",3
"DC-A1-AGACCCGCCCTCCTCG.1",3
"DC-A1-AGATCTCAGGTGTGAT.1",3
"DC-A1-AGCACCAGTACTCACG.1",3
"DC-A1-AGCGACCAACGATATT.1",3
"DC-A1-AGCGTGGTATTCTACT.1",3
"DC-A1-AGCTCTAGACGTTCCA.1",3
"DC-A1-AGGGCTGCAGTTACAG.1",3
"DC-A1-AGGGTTTAGTTCGGGA.1",3
"DC-A1-AGGTTTCACACACCTT.1",3
"DC-A1-AGTCAACACCACCATC.1",3
"DC-A1-AGTCTTCTCCTCAAAT.1",3
"DC-A1-AGTGACCTACTTTACG.1",3
"DC-A1-AGTTCCTATTTATGTT.1",3
"DC-A1-ATAAACGGACCCGTAA.1",3
"DC-A1-ATAAAGGCTCGGTCGT.1",3
"DC-A1-ATAACGGAGTCCAACG.1",3
"DC-A1-ATAAGGTGGAGAACAT.1",3
"DC-A1-ATAAGTTACCGCGACG.1",3
"DC-A1-ATAATAGCTGTTGAAT.1",3
"DC-A1-ATAGACGAAGAGAAAG.1",3
"DC-A1-ATAGAGTACTGGGACA.1",3
"DC-A1-ATAGGTTGGGCAGATG.1",3
"DC-A1-ATAGTGAAGCGTTCTC.1",3
"DC-A1-ATATCTTAGGGCCTTC.1",3
"DC-A1-ATATTTAACCCTCAAG.1",3
"DC-A1-ATCAATCTGGGCTGCA.1",3
"DC-A1-ATCATCCAATATTTGT.1",3
"DC-A1-ATCCAGGATTCGTGAA.1",3
"DC-A1-ATCGACCCAATACAGA.1",3
"DC-A1-ATCGCACGCCGGGAGA.1",3
"DC-A1-ATCTGGTTAAGACTGT.1",3
"DC-A1-ATGATGCAATGGTACA.1",3
"DC-A1-ATGCATGATCCAGGAT.1",3
"DC-A1-ATGCCGGTCTTGCATA.1",3
"DC-A1-ATGCGACAGTCCCATT.1",3
"DC-A1-ATGGAGCAGGCCGTGA.1",3
"DC-A1-ATGGATTGACCAAACG.1",3
"DC-A1-ATGTGCATCCGACGCA.1",3
"DC-A1-ATGTGGACATCTTGAT.1",3
"DC-A1-ATTAAACATGCGGACC.1",3
"DC-A1-ATTAGGCGATGCTTTC.1",3
"DC-A1-ATTCATATACTGTCCA.1",3
"DC-A1-CAAATGTCCTTCCGTG.1",3
"DC-A1-CAAGAGGGCGGAGTAC.1",3
"DC-A1-CAAGCGGCACATAATT.1",3
"DC-A1-CAAGGATCGCATGTTC.1",3
"DC-A1-CAATAAACCTTGGCCC.1",3
"DC-A1-CAATTAAGGGTGATGA.1",3
"DC-A1-CAATTTCGTATAAGGG.1",3
"DC-A1-CACAATGAGCTGCTAT.1",3
"DC-A1-CACAGCACCCACGGCA.1",3
"DC-A1-CACATATTAGCAGGAT.1",3
"DC-A1-CACATGATTCAGCAAC.1",3
"DC-A1-CACCGCCAGAAGGTTT.1",3
"DC-A1-CACGCACAGCGCAGCT.1",3
"DC-A1-CACTAAAGTTGCCTAT.1",3
"DC-A1-CACTCAAGAGCTATGG.1",3
"DC-A1-CACTTAATCAGACGGA.1",3
"DC-A1-CAGAGCATGAGCTTGC.1",3
"DC-A1-CAGCTCACTGAGACAT.1",3
"DC-A1-CAGGATATATCGTTGT.1",3
"DC-A1-CAGGCGCCATGCTAGG.1",3
"DC-A1-CAGTCTGTATACTGGG.1",3
"DC-A1-CAGTTCAAATTGACAC.1",3
"DC-A1-CATACGGCGTCTGGGC.1",3
"DC-A1-CATACTATGTAATTGT.1",3
"DC-A1-CATATAGGTACAGTCA.1",3
"DC-A1-CATCGGACGGGTTAAT.1",3
"DC-A1-CATGGTAAGTAGCGTT.1",3
"DC-A1-CATGGTCTAGATACCG.1",3
"DC-A1-CATTATGCTTGTTGTG.1",3
"DC-A1-CCAAGCGTAACTCGTA.1",3
"DC-A1-CCAATGTCACAGCAAG.1",3
"DC-A1-CCACACTGAGATATTA.1",3
"DC-A1-CCACCCAAGGAAAGTG.1",3
"DC-A1-CCAGCCTGGACCAATA.1",3
"DC-A1-CCAGGGACGTGGCCTC.1",3
"DC-A1-CCATCGCAGTTAAACT.1",3
"DC-A1-CCCGCAGCGCGAACTA.1",3
"DC-A1-CCCTTTGACAGGTCTT.1",3
"DC-A1-CCGAACCTTCCCGGCC.1",3
"DC-A1-CCGCTATCAGCACCAG.1",3
"DC-A1-CCGGGCGGTCTCGTCA.1",3
"DC-A1-CCGTAAGTTGGTCCCA.1",3
"DC-A1-CCTACTGCTTACACTT.1",3
"DC-A1-CCTATGGGTTACCGTC.1",3
"DC-A1-CCTGACCACCGATGGT.1",3
"DC-A1-CCTGCTATTTGAGAAG.1",3
"DC-A1-CCTGTCACCCGGGCTC.1",3
"DC-A1-CCTGTCGCCCGTAAAT.1",3
"DC-A1-CGAGACCCTAGAGTGT.1",3
"DC-A1-CGAGAGATGTGAACCT.1",3
"DC-A1-CGAGGCTAAATATGGC.1",3
"DC-A1-CGATACCTCGCGGACA.1",3
"DC-A1-CGATCCGACCCAGTGC.1",3
"DC-A1-CGCATGGTGCGATGCT.1",3
"DC-A1-CGCATTAGCTAATAGG.1",3
"DC-A1-CGCCTCCCTCCTCTAT.1",3
"DC-A1-CGCGTTCATGAAATAC.1",3
"DC-A1-CGCTACGGGACATTTA.1",3
"DC-A1-CGCTATTCTTAGGCTC.1",3
"DC-A1-CGGAGCATGGCGATCC.1",3
"DC-A1-CGGCCACGCACAAAGT.1",3
"DC-A1-CGGGAATTTATGTAAA.1",3
"DC-A1-CGGGATCAATGTAAGA.1",3
"DC-A1-CGGGCAGCTAAACCGC.1",3
"DC-A1-CGGGCCTTCTTTGTAA.1",3
"DC-A1-CGTATTAAGAGATCTA.1",3
"DC-A1-CGTGAAGTTAATTCAC.1",3
"DC-A1-CGTGCAGACTGGGACA.1",3
"DC-A1-CGTGCCCTCCCGAAGA.1",3
"DC-A1-CGTTGAGCGACCGTCG.1",3
"DC-A1-CGTTTCGCTCATTACA.1",3
"DC-A1-CTAAAGGGAAATAGGA.1",3
"DC-A1-CTAAGGGAATGATTGG.1",3
"DC-A1-CTACGCACGGAGTACC.1",3
"DC-A1-CTACTGCCACCTGACC.1",3
"DC-A1-CTAGATTTACGACGGC.1",3
"DC-A1-CTAGCATAGTATAATG.1",3
"DC-A1-CTAGTCACGTCTTAAG.1",3
"DC-A1-CTAGTTGGGCCCGGTA.1",3
"DC-A1-CTATCGGGTCTCAACA.1",3
"DC-A1-CTATGTCACTAGCCCA.1",3
"DC-A1-CTCGAGGTCGAACAGT.1",3
"DC-A1-CTCGCACCTATATAGT.1",3
"DC-A1-CTCTATTTGGCTGCAG.1",3
"DC-A1-CTCTCACAATCGATGA.1",3
"DC-A1-CTCTGGACGCCTGGTG.1",3
"DC-A1-CTGCACAACTACATAT.1",3
"DC-A1-CTGCCATGCATCACAT.1",3
"DC-A1-CTGGAAATGGATGCTT.1",3
"DC-A1-CTGGATTTACACTTGA.1",3
"DC-A1-CTGGGTAGGCAGTTAA.1",3
"DC-A1-CTGTACTTCTTAGCAT.1",3
"DC-A1-CTGTTACCCAATCTAG.1",3
"DC-A1-CTTCATTGTCAGTGGA.1",3
"DC-A1-CTTCGTAGATAGGTGA.1",3
"DC-A1-CTTGCCCAGGCTCTAC.1",3
"DC-A1-CTTGTCAACATTCGAG.1",3
"DC-A1-CTTTAATATTGGTCGA.1",3
"DC-A1-CTTTAGTGCTATTATT.1",3
"DC-A1-GAAACCGAATTACCTT.1",3
"DC-A1-GAAATGGCGGTGTTAG.1",3
"DC-A1-GAAATTGTCTCTATAA.1",3
"DC-A1-GAAGCGTGAGGAATTT.1",3
"DC-A1-GAAGTGATTTATCGTG.1",3
"DC-A1-GAAGTTTCCACTCAAT.1",3
"DC-A1-GAATCTGAACATTCTC.1",3
"DC-A1-GAATTATAGTGAAAGG.1",3
"DC-A1-GACACAAGGGAAGAAA.1",3
"DC-A1-GACCGTGCTGACGGTG.1",3
"DC-A1-GACGACGATCCGCGTT.1",3
"DC-A1-GACTAAGATCATGCAC.1",3
"DC-A1-GAGACTGATGGGTAGA.1",3
"DC-A1-GAGATCTGTCACTCCG.1",3
"DC-A1-GAGATCTTCCATGACA.1",3
"DC-A1-GAGATGGGAGTCGACA.1",3
"DC-A1-GAGTCCGCTTACCGGA.1",3
"DC-A1-GATAGGTAACGTTGAC.1",3
"DC-A1-GATCATTCCAAACATT.1",3
"DC-A1-GATCCGGGAATTAACA.1",3
"DC-A1-GATCGCGGGCTCTCCA.1",3
"DC-A1-GATCGGTGGCCATAAC.1",3
"DC-A1-GATCGTGACTGATATC.1",3
"DC-A1-GATCTTGGAGGGCATA.1",3
"DC-A1-GATGCGTCCTGCATTC.1",3
"DC-A1-GATGCTGTATTTCATC.1",3
"DC-A1-GATTCCCTTGTCGCAG.1",3
"DC-A1-GATTCGACGGTTCACG.1",3
"DC-A1-GCAGATTAGGGATATC.1",3
"DC-A1-GCATAGAGCACTCAGG.1",3
"DC-A1-GCCGATTGGCCAAGCT.1",3
"DC-A1-GCCGGGTTAGGGTCGC.1",3
"DC-A1-GCGAAGCCATACCCGT.1",3
"DC-A1-GCGACGATAGTTGTAC.1",3
"DC-A1-GCGAGGCCCGAGCAGA.1",3
"DC-A1-GCGAGTTCTGCAAAGA.1",3
"DC-A1-GCGATTGTTAACGTTA.1",3
"DC-A1-GCGCCGTTCCACGATA.1",3
"DC-A1-GCGCTAATTGAATAGA.1",3
"DC-A1-GCGGAGAGGGAGAACG.1",3
"DC-A1-GCTAAGTAGTTTCTCT.1",3
"DC-A1-GCTACGACTTATTGGG.1",3
"DC-A1-GCTAGTAGAGCTTGTA.1",3
"DC-A1-GCTCTAAACCCTGACG.1",3
"DC-A1-GCTCTCGGGTACCGAA.1",3
"DC-A1-GCTGAGGCGTGAGTAT.1",3
"DC-A1-GCTGCACGGTTTCTTA.1",3
"DC-A1-GCTGCTACTGCGTAGC.1",3
"DC-A1-GCTGCTCTCCGGACAC.1",3
"DC-A1-GGACCAACAGGATAAC.1",3
"DC-A1-GGAGGGCTTGGTTGGC.1",3
"DC-A1-GGCAAATTACTTTACT.1",3
"DC-A1-GGCAATAGTCAATGAG.1",3
"DC-A1-GGCACTCCACTGGGCA.1",3
"DC-A1-GGCGCATGAATTGATG.1",3
"DC-A1-GGCGCGTTCGAGTTTA.1",3
"DC-A1-GGCGGTAGGATCATTG.1",3
"DC-A1-GGCTCTGCTCCAACGC.1",3
"DC-A1-GGGACTGCATAGATAG.1",3
"DC-A1-GGGAGAACTCACAGTA.1",3
"DC-A1-GGGAGGATGCCCGAAA.1",3
"DC-A1-GGGAGTTAATGAGGCG.1",3
"DC-A1-GGGCCCGTCTTAAACA.1",3
"DC-A1-GGGCGATATGTGTGAA.1",3
"DC-A1-GGGCGTACATTTATAT.1",3
"DC-A1-GGGCTGCCTAGGGCGA.1",3
"DC-A1-GGGTCACCGTGACGGT.1",3
"DC-A1-GGGTGACACCTTAACT.1",3
"DC-A1-GGTACAAACATGCTAT.1",3
"DC-A1-GGTAGTGCTCGCACCA.1",3
"DC-A1-GGTATTGCCGAGTTTA.1",3
"DC-A1-GGTCAGTGGGTCCCAC.1",3
"DC-A1-GGTGATAAGGAGCAGT.1",3
"DC-A1-GGTTTACAATCTCAAT.1",3
"DC-A1-GTACGCTTCATTGCAC.1",3
"DC-A1-GTACGTTTGCCCGTCA.1",3
"DC-A1-GTACTAAGATTTGGAG.1",3
"DC-A1-GTAGCCAAACATGGGA.1",3
"DC-A1-GTAGCGGCTATACACT.1",3
"DC-A1-GTATCTTTCATAACCA.1",3
"DC-A1-GTCAAGCGGACTCGGG.1",3
"DC-A1-GTCATGGACATGACTA.1",3
"DC-A1-GTCATTAGAGCGAACG.1",3
"DC-A1-GTCCCAACGTAAAGTA.1",3
"DC-A1-GTCCGGCTGAATTGCG.1",3
"DC-A1-GTCGCGTAACCCGTTG.1",3
"DC-A1-GTCGTACCATCTCGGG.1",3
"DC-A1-GTCGTTATTCGCTTAT.1",3
"DC-A1-GTGAGGACACTTAAGG.1",3
"DC-A1-GTGATCATAGATCTGC.1",3
"DC-A1-GTGCTCAAGTACTGTC.1",3
"DC-A1-GTGTTACTATGCGTCC.1",3
"DC-A1-GTTACCTACAACTTGC.1",3
"DC-A1-GTTACTTTGGGCCTAG.1",3
"DC-A1-GTTATATTATCTCCCT.1",3
"DC-A1-GTTCGCCATAAGTGCC.1",3
"DC-A1-GTTGGATTTGCGTTGG.1",3
"DC-A1-GTTTACGTTCCATCTG.1",3
"DC-A1-GTTTCCTGGAGGGTGA.1",3
"DC-A1-GTTTCTGCAGTCTCCC.1",3
"DC-A1-GTTTGACCAAATCCTA.1",3
"DC-A1-GTTTGGGCTTGTGAGC.1",3
"DC-A1-TAACATACAATGTGGG.1",3
"DC-A1-TAACTCATCCGCGCGG.1",3
"DC-A1-TAAGGCAACATAAGAT.1",3
"DC-A1-TACAACGCACAACTCA.1",3
"DC-A1-TACATAGGCATACACC.1",3
"DC-A1-TACATTTCTAACGTGC.1",3
"DC-A1-TACCGGCTCACTGCCC.1",3
"DC-A1-TACCGTGCCTCGGACC.1",3
"DC-A1-TACGAACACGACTTCA.1",3
"DC-A1-TACGACGCTTGCTGCG.1",3
"DC-A1-TACGACTGCCTCTTAG.1",3
"DC-A1-TACGCAGTTCTTTCCT.1",3
"DC-A1-TACGCCATATTCTAAT.1",3
"DC-A1-TAGAGTCTAAGCGAAC.1",3
"DC-A1-TAGCGTTGGGTCTTAC.1",3
"DC-A1-TAGCTAAGTCCGGGAG.1",3
"DC-A1-TAGCTCGCCTGATAAC.1",3
"DC-A1-TAGGTTCGAGTTCGTC.1",3
"DC-A1-TAGTCCGCAGAGAATG.1",3
"DC-A1-TATACACAGACGCCTT.1",3
"DC-A1-TATCTACCACAGCGGG.1",3
"DC-A1-TATGCTCCCTACTTAC.1",3
"DC-A1-TATGGATGTGCTACGC.1",3
"DC-A1-TATGGGACCGAGCAGG.1",3
"DC-A1-TATGGGTACGTATCGT.1",3
"DC-A1-TATGGTCTGAGTAACA.1",3
"DC-A1-TATTCAATTCTAATCC.1",3
"DC-A1-TATTCCACTCAGCTCG.1",3
"DC-A1-TATTCGTGCCAGAATA.1",3
"DC-A1-TCAAACAACCGCGTCG.1",3
"DC-A1-TCAAACTTAGATTGTT.1",3
"DC-A1-TCAACCATGTTCGGGC.1",3
"DC-A1-TCAACGAGGAGACAAA.1",3
"DC-A1-TCACAGGTTATTGGGC.1",3
"DC-A1-TCACCCTCTTAAGATT.1",3
"DC-A1-TCACGCATTGTAGATC.1",3
"DC-A1-TCACGTGCCCGATTCA.1",3
"DC-A1-TCAGACGCTATAGAAG.1",3
"DC-A1-TCAGCAAATGCATCTC.1",3
"DC-A1-TCAGGGTGTAACGTAA.1",3
"DC-A1-TCCAGAGCACCGGTTC.1",3
"DC-A1-TCCAGGCGAGTACGGT.1",3
"DC-A1-TCCCAAAGACGAAGGA.1",3
"DC-A1-TCCCAGCTTTAGTCTG.1",3
"DC-A1-TCCCGCGTACTCCTGG.1",3
"DC-A1-TCCGATGGTGCGACAT.1",3
"DC-A1-TCCGCTTATCCCATTA.1",3
"DC-A1-TCCTCGGGCTGGGCTT.1",3
"DC-A1-TCCTTTCTTACGCTTA.1",3
"DC-A1-TCGAGACCAACACCGT.1",3
"DC-A1-TCGCAAAGATGCATTT.1",3
"DC-A1-TCGCTCGATATATTCC.1",3
"DC-A1-TCGCTGGGCGGATTGT.1",3
"DC-A1-TCGGAGTACATGAGTA.1",3
"DC-A1-TCTACCGTCCACAAGC.1",3
"DC-A1-TCTAGCATGCCCAGAA.1",3
"DC-A1-TCTAGTTATCAGAAGA.1",3
"DC-A1-TCTTCGAATAGACGTT.1",3
"DC-A1-TCTTCGATACCAATAA.1",3
"DC-A1-TCTTGATGCGTAGCGA.1",3
"DC-A1-TGACCCACGTTAGACA.1",3
"DC-A1-TGACTATAATCCTTTC.1",3
"DC-A1-TGAGTAAATTAGCGTA.1",3
"DC-A1-TGATCGGTTTGACCCT.1",3
"DC-A1-TGATCTCCGGCGCCAG.1",3
"DC-A1-TGCAAGAATGACGTAA.1",3
"DC-A1-TGCCAGTACGTGGAGA.1",3
"DC-A1-TGCCCGTACCGTTAAA.1",3
"DC-A1-TGCGCAAAGCATTTGG.1",3
"DC-A1-TGCGTTTGTTGACACT.1",3
"DC-A1-TGCTGTTGAAGAACTC.1",3
"DC-A1-TGGACTGTTCGCTCAA.1",3
"DC-A1-TGGCAGATTACGATCA.1",3
"DC-A1-TGGCAGCAGTAATAGT.1",3
"DC-A1-TGGCCAAACTGAAGTA.1",3
"DC-A1-TGGTTCAACGGGTAAT.1",3
"DC-A1-TGGTTCGTAGCAAAGG.1",3
"DC-A1-TGTACGAACAAATCCG.1",3
"DC-A1-TGTTCGTATTGCGGTG.1",3
"DC-A1-TTAATGTAGACCAGGT.1",3
"DC-A1-TTACAACTACGCATCC.1",3
"DC-A1-TTACTGGGATATTTCA.1",3
"DC-A1-TTATATACGCTGTCAC.1",3
"DC-A1-TTATATTTGGCAATCC.1",3
"DC-A1-TTATGAATGAAAGGGA.1",3
"DC-A1-TTATTAGAGCGTGTTC.1",3
"DC-A1-TTCAAAGTCTCTAGCC.1",3
"DC-A1-TTCACGAAAGGATCAC.1",3
"DC-A1-TTCCGCGTGAGGCGAT.1",3
"DC-A1-TTCGGGACTAATCGCG.1",3
"DC-A1-TTCTGCCGCGCCTAGA.1",3
"DC-A1-TTGAAGAATTCCCAGG.1",3
"DC-A1-TTGAATATGGACTTTC.1",3
"DC-A1-TTGCACAATTCAGAAA.1",3
"DC-A1-TTGCTGATCATGTTCG.1",3
"DC-A1-TTGGGACACTGCCCGC.1",3
"DC-A1-TTGGGCGGCGGTTGCC.1",3
"DC-A1-TTGTAATCCGTACTCG.1",3
"DC-A1-TTGTGTTTCCCGAAAG.1",3
"DC-A1-TTGTTCAGTGTGCTAC.1",3
"DC-A1-TTGTTGTGTGTCAAGA.1",3
"DC-B1-AAATTAACGGGTAGCT.1",3
"DC-B1-AACCGAGCTTGGTCAT.1",3
"DC-B1-AAGAGCTCTTTATCGG.1",3
"DC-B1-AATGACTGTCAGCCGG.1",3
"DC-B1-AATGCAACCGGGTACC.1",3
"DC-B1-ACACAAAGACGGGTGG.1",3
"DC-B1-ACACCTTAAGTAGGGC.1",3
"DC-B1-ACACGGGAACTTAGGG.1",3
"DC-B1-ACCACAAGTTTCTATC.1",3
"DC-B1-ACCGACTGAGTCCCAC.1",3
"DC-B1-ACGCATTCGTGAGTAC.1",3
"DC-B1-ACGTAGATTGCTGATG.1",3
"DC-B1-ACTACCAGCTCTCTGG.1",3
"DC-B1-ACTCGTCAGTAATCCC.1",3
"DC-B1-ACTGTAGCACTTTGGA.1",3
"DC-B1-ACTGTCCAGGATTATA.1",3
"DC-B1-ACTGTCTTCTTTAGAA.1",3
"DC-B1-ACTTATTAGGATCGGT.1",3
"DC-B1-ACTTCGCCATACGCAC.1",3
"DC-B1-ACTTTCCTATAGCTTC.1",3
"DC-B1-AGAACGTGGTACATTC.1",3
"DC-B1-AGACCCGCCCTCCTCG.1",3
"DC-B1-AGATCTCAGGTGTGAT.1",3
"DC-B1-AGATTATAGGACGTTT.1",3
"DC-B1-AGCGACCAACGATATT.1",3
"DC-B1-AGGCCACCCGTTATGA.1",3
"DC-B1-AGGGTTTAGTTCGGGA.1",3
"DC-B1-AGTTCCTACAGAATTA.1",3
"DC-B1-ATAACGCCGGAGGGTC.1",3
"DC-B1-ATACGCCGGCGAAACC.1",3
"DC-B1-ATAGACGAAGAGAAAG.1",3
"DC-B1-ATAGGTTGGGCAGATG.1",3
"DC-B1-ATATTTAACCCTCAAG.1",3
"DC-B1-ATCAATCTGGGCTGCA.1",3
"DC-B1-ATCGCACGCCGGGAGA.1",3
"DC-B1-ATCTTGACCTGCAACG.1",3
"DC-B1-ATGCATGATCCAGGAT.1",3
"DC-B1-ATGCCGGTCTTGCATA.1",3
"DC-B1-ATGGATTGACCAAACG.1",3
"DC-B1-ATTGAAGATCTTAGTG.1",3
"DC-B1-CAAGAGGGCGGAGTAC.1",3
"DC-B1-CAATTAAGGGTGATGA.1",3
"DC-B1-CACAGCACCCACGGCA.1",3
"DC-B1-CACCGCCAGAAGGTTT.1",3
"DC-B1-CACTAAAGTTGCCTAT.1",3
"DC-B1-CACTTAATCAGACGGA.1",3
"DC-B1-CAGAGCATGAGCTTGC.1",3
"DC-B1-CAGCAGCCCGTTCCTT.1",3
"DC-B1-CATGGTCTAGATACCG.1",3
"DC-B1-CCAAGCGTAACTCGTA.1",3
"DC-B1-CCAATGTCACAGCAAG.1",3
"DC-B1-CCACACTGAGATATTA.1",3
"DC-B1-CCATGCCTGTTTAGTA.1",3
"DC-B1-CCCAGTTAAGGCGCCG.1",3
"DC-B1-CCGCACAAAGACCAAC.1",3
"DC-B1-CCGGGCGGTCTCGTCA.1",3
"DC-B1-CCGGGCTGCTCCATAC.1",3
"DC-B1-CCGTAAGTTGGTCCCA.1",3
"DC-B1-CCTATGGGTTACCGTC.1",3
"DC-B1-CCTGAACGATATATTC.1",3
"DC-B1-CCTGTCACCCGGGCTC.1",3
"DC-B1-CGAGAGATGTGAACCT.1",3
"DC-B1-CGAGGCTAAATATGGC.1",3
"DC-B1-CGAGGGACTGCGGTCG.1",3
"DC-B1-CGATCCGACCCAGTGC.1",3
"DC-B1-CGCATTAGCTAATAGG.1",3
"DC-B1-CGCCGCCCATGCCTGT.1",3
"DC-B1-CGCTGTGACGCCGCAC.1",3
"DC-B1-CGGGCAGCTAAACCGC.1",3
"DC-B1-CGTATTAAGAGATCTA.1",3
"DC-B1-CGTGCAGACTGGGACA.1",3
"DC-B1-CGTGTCCCATTCGCGA.1",3
"DC-B1-CTACGCACGGAGTACC.1",3
"DC-B1-CTACTGCCACCTGACC.1",3
"DC-B1-CTAGCATAGTATAATG.1",3
"DC-B1-CTAGTTGGGCCCGGTA.1",3
"DC-B1-CTATGTCACTAGCCCA.1",3
"DC-B1-CTCGAGGTCGAACAGT.1",3
"DC-B1-CTCGGTACCACTGCTC.1",3
"DC-B1-CTCTCACAATCGATGA.1",3
"DC-B1-CTCTGGACGCCTGGTG.1",3
"DC-B1-CTGTACTTCTTAGCAT.1",3
"DC-B1-CTTGTTGCTGAGTCAA.1",3
"DC-B1-GAAATGGCGGTGTTAG.1",3
"DC-B1-GAAGTTTCCACTCAAT.1",3
"DC-B1-GACCAGAGCCCTGTAG.1",3
"DC-B1-GACTAAGATCATGCAC.1",3
"DC-B1-GACTAAGTAGGCTCAC.1",3
"DC-B1-GAGACTGATGGGTAGA.1",3
"DC-B1-GAGATCTGCTTGGCAT.1",3
"DC-B1-GAGATCTGTCACTCCG.1",3
"DC-B1-GATATGAGACACTAAC.1",3
"DC-B1-GATCATTCCAAACATT.1",3
"DC-B1-GATCCCTTTATACTGC.1",3
"DC-B1-GATCCGGGAATTAACA.1",3
"DC-B1-GATCGCGGGCTCTCCA.1",3
"DC-B1-GATCGGTGGCCATAAC.1",3
"DC-B1-GATCGTGACTGATATC.1",3
"DC-B1-GATGCGTCCTGCATTC.1",3
"DC-B1-GATTCCCTTGTCGCAG.1",3
"DC-B1-GCAAGTGCACAGAGAA.1",3
"DC-B1-GCCGAAATTCCTACGT.1",3
"DC-B1-GCGAAGCCATACCCGT.1",3
"DC-B1-GCGAGGCCCGAGCAGA.1",3
"DC-B1-GCGATTGTTAACGTTA.1",3
"DC-B1-GCGCTAATTGAATAGA.1",3
"DC-B1-GCGCTATGCCGAGGCA.1",3
"DC-B1-GCGGAGAGGGAGAACG.1",3
"DC-B1-GCTCTAAACCCTGACG.1",3
"DC-B1-GCTCTATGTTACGTGC.1",3
"DC-B1-GCTCTCGGGTACCGAA.1",3
"DC-B1-GCTGCTCTCCGGACAC.1",3
"DC-B1-GCTTCCGTCCCTAGAC.1",3
"DC-B1-GGAGGGCTTGGTTGGC.1",3
"DC-B1-GGATGACGCGAGTTTA.1",3
"DC-B1-GGCACTCCACTGGGCA.1",3
"DC-B1-GGCGGTAGGATCATTG.1",3
"DC-B1-GGCTCTGCTCCAACGC.1",3
"DC-B1-GGGACTGCATAGATAG.1",3
"DC-B1-GGGAGAACTCACAGTA.1",3
"DC-B1-GGGAGGATGCCCGAAA.1",3
"DC-B1-GGGAGTTAATGAGGCG.1",3
"DC-B1-GGGCGATATGTGTGAA.1",3
"DC-B1-GGGCGTACATTTATAT.1",3
"DC-B1-GGGCTGCCTAGGGCGA.1",3
"DC-B1-GGGCTGGTTAGTCGCG.1",3
"DC-B1-GGGTCACCGTGACGGT.1",3
"DC-B1-GGTAGTGCTCGCACCA.1",3
"DC-B1-GGTATTGCCGAGTTTA.1",3
"DC-B1-GGTCTGAGAATCTGGA.1",3
"DC-B1-GTAAGTAACAGTCTGG.1",3
"DC-B1-GTACTAAGATTTGGAG.1",3
"DC-B1-GTCAAGCGGACTCGGG.1",3
"DC-B1-GTCATGCACCTCCGTT.1",3
"DC-B1-GTCATGGACATGACTA.1",3
"DC-B1-GTCGCGTAACCCGTTG.1",3
"DC-B1-GTCGTTATTCGCTTAT.1",3
"DC-B1-GTGAGGACACTTAAGG.1",3
"DC-B1-GTGCTCAAGTACTGTC.1",3
"DC-B1-GTGGTGGCCAAGTGAA.1",3
"DC-B1-GTGTGAATAACTTAGG.1",3
"DC-B1-GTGTTACTATGCGTCC.1",3
"DC-B1-GTTCGCCATAAGTGCC.1",3
"DC-B1-GTTGGATTTGCGTTGG.1",3
"DC-B1-GTTTCTGCAGTCTCCC.1",3
"DC-B1-GTTTGACCAAATCCTA.1",3
"DC-B1-GTTTGGCCCAAGTTAT.1",3
"DC-B1-TAAGGCAACATAAGAT.1",3
"DC-B1-TACGAACACGACTTCA.1",3
"DC-B1-TACTTGTTAGTAGTCC.1",3
"DC-B1-TAGAGTCTAAGCGAAC.1",3
"DC-B1-TAGCTAAGTCCGGGAG.1",3
"DC-B1-TAGTCCGCAGAGAATG.1",3
"DC-B1-TATGCTCCCTACTTAC.1",3
"DC-B1-TATGGATGTGCTACGC.1",3
"DC-B1-TATGGGACCGAGCAGG.1",3
"DC-B1-TATGGGTACGTATCGT.1",3
"DC-B1-TATTCAATTCTAATCC.1",3
"DC-B1-TATTTGTTACCCTTTA.1",3
"DC-B1-TCAAACTTAGATTGTT.1",3
"DC-B1-TCAGGGTGTAACGTAA.1",3
"DC-B1-TCCACTTTATCTAGGT.1",3
"DC-B1-TCCAGGCGAGTACGGT.1",3
"DC-B1-TCCCAAAGACGAAGGA.1",3
"DC-B1-TCCCAGCTTTAGTCTG.1",3
"DC-B1-TCCCGCGTACTCCTGG.1",3
"DC-B1-TCCCGTGTGCAATTTG.1",3
"DC-B1-TCCGATGGTGCGACAT.1",3
"DC-B1-TCCGCGGCAGCATCTG.1",3
"DC-B1-TCCTCGGGCTGGGCTT.1",3
"DC-B1-TCCTTTCTTACGCTTA.1",3
"DC-B1-TCGAGACCAACACCGT.1",3
"DC-B1-TCGCTCGATATATTCC.1",3
"DC-B1-TCGCTGGGCGGATTGT.1",3
"DC-B1-TCGGAGTACATGAGTA.1",3
"DC-B1-TCTACCGTCCACAAGC.1",3
"DC-B1-TCTAGTTATCAGAAGA.1",3
"DC-B1-TCTGCCAGAAACTGCA.1",3
"DC-B1-TCTTCGATACCAATAA.1",3
"DC-B1-TCTTGATGCGTAGCGA.1",3
"DC-B1-TGAAAGGACCTGACTC.1",3
"DC-B1-TGACCCACGTTAGACA.1",3
"DC-B1-TGCAAGAATGACGTAA.1",3
"DC-B1-TGCATATGTCTGTCAC.1",3
"DC-B1-TGCGCAAAGCATTTGG.1",3
"DC-B1-TGCGCGATTAACGGAG.1",3
"DC-B1-TGCGTTTGTTGACACT.1",3
"DC-B1-TGGACTGTTCGCTCAA.1",3
"DC-B1-TGGCCAAACTGAAGTA.1",3
"DC-B1-TGGCCGTATATTGACC.1",3
"DC-B1-TGGTTCGTAGCAAAGG.1",3
"DC-B1-TGTATAACAGATCCTG.1",3
"DC-B1-TTAATGTAGACCAGGT.1",3
"DC-B1-TTACAACTACGCATCC.1",3
"DC-B1-TTATATACGCTGTCAC.1",3
"DC-B1-TTATATTTGGCAATCC.1",3
"DC-B1-TTATGATCTTAACGAA.1",3
"DC-B1-TTCAAAGTCTCTAGCC.1",3
"DC-B1-TTCAATACTCTGAATC.1",3
"DC-B1-TTCACGAAAGGATCAC.1",3
"DC-B1-TTCGACGGGAAGGGCG.1",3
"DC-B1-TTCGCACTCGCGTGCT.1",3
"DC-B1-TTCTGCGGGTTAGCGG.1",3
"DC-B1-TTGAATATGGACTTTC.1",3
"DC-B1-TTGCTGATCATGTTCG.1",3
"DC-B1-TTGGGACACTGCCCGC.1",3
"DC-B1-TTGGGCGGCGGTTGCC.1",3
"DC-B1-TTGTAATCCGTACTCG.1",3
"DC-B1-TTGTTGTGTGTCAAGA.1",3
"DC-C1-AAATCGTGTACCACAA.1",3
"DC-C1-AAATTAACGGGTAGCT.1",3
"DC-C1-AACGTACTGTGGGTAC.1",3
"DC-C1-AACTCAAGTTAATTGC.1",3
"DC-C1-AAGACTGCAAGCTACT.1",3
"DC-C1-AAGCTAGATCGAGTAA.1",3
"DC-C1-AAGCTCGTGCCAAGTC.1",3
"DC-C1-AATTAAAGGTCGGCGT.1",3
"DC-C1-AATTAGCGCTGCAGCG.1",3
"DC-C1-AATTCTAGAGTTAGGC.1",3
"DC-C1-ACAAGGGCAGGCTCTG.1",3
"DC-C1-ACACCCAGCATGCAGC.1",3
"DC-C1-ACATCGATCGTTTACC.1",3
"DC-C1-ACATTAGTTTATATCC.1",3
"DC-C1-ACCACAAGTTTCTATC.1",3
"DC-C1-ACCATATCCGCAATAA.1",3
"DC-C1-ACCCGGTTACACTTCC.1",3
"DC-C1-ACGATGCATATGTTAT.1",3
"DC-C1-ACGCATTCGTGAGTAC.1",3
"DC-C1-ACGCCGCTAGACGACC.1",3
"DC-C1-ACGCGAAGTCAGACGA.1",3
"DC-C1-ACGCGGGCCAAGGACA.1",3
"DC-C1-ACGGCACTTGCTTGGG.1",3
"DC-C1-ACGGCCAACATGGACT.1",3
"DC-C1-ACGTAGATTGCTGATG.1",3
"DC-C1-ACGTTAATGTCGAAGA.1",3
"DC-C1-ACTCTTGTATAGTAAC.1",3
"DC-C1-ACTGTCCAGGATTATA.1",3
"DC-C1-ACTGTCTTCTTTAGAA.1",3
"DC-C1-ACTTATTAGGATCGGT.1",3
"DC-C1-ACTTGACTCCCTCTTT.1",3
"DC-C1-ACTTTCCTATAGCTTC.1",3
"DC-C1-AGAAGGTTGCCGAATT.1",3
"DC-C1-AGACCCACCGCTGATC.1",3
"DC-C1-AGACCCGCCCTCCTCG.1",3
"DC-C1-AGATAACTTCAGGGCC.1",3
"DC-C1-AGCGTGGTATTCTACT.1",3
"DC-C1-AGCTCTTTACTCAGTT.1",3
"DC-C1-AGGACGACCCATTAGA.1",3
"DC-C1-AGGGCTGCAGTTACAG.1",3
"DC-C1-AGGGTTTAGTTCGGGA.1",3
"DC-C1-AGGTTTCACACACCTT.1",3
"DC-C1-AGTCAACACCACCATC.1",3
"DC-C1-AGTGACCTACTTTACG.1",3
"DC-C1-AGTGATATGAGTAGTT.1",3
"DC-C1-AGTGCGTAGCTCGTAA.1",3
"DC-C1-AGTTAAACACTTGCGA.1",3
"DC-C1-AGTTCCTATTTATGTT.1",3
"DC-C1-ATAAGTTACCGCGACG.1",3
"DC-C1-ATAATAGCTGTTGAAT.1",3
"DC-C1-ATAGACGAAGAGAAAG.1",3
"DC-C1-ATATCTTAGGGCCTTC.1",3
"DC-C1-ATATTTAACCCTCAAG.1",3
"DC-C1-ATCAATCTGGGCTGCA.1",3
"DC-C1-ATCATCCAATATTTGT.1",3
"DC-C1-ATCCAGAGCAACAACC.1",3
"DC-C1-ATCCAGGATTCGTGAA.1",3
"DC-C1-ATCCTGCGTGGAATGG.1",3
"DC-C1-ATGATGCAATGGTACA.1",3
"DC-C1-ATGCGACAGTCCCATT.1",3
"DC-C1-ATGGAGCAGGCCGTGA.1",3
"DC-C1-ATGGATTGACCAAACG.1",3
"DC-C1-ATGTGGACATCTTGAT.1",3
"DC-C1-ATTAGGCGATGCTTTC.1",3
"DC-C1-ATTGCTGCTCCTCCAT.1",3
"DC-C1-CAAACGAGTATCGCAG.1",3
"DC-C1-CAAATGTCCTTCCGTG.1",3
"DC-C1-CAAGGATCGCATGTTC.1",3
"DC-C1-CAATTAAGGGTGATGA.1",3
"DC-C1-CAATTTCGTATAAGGG.1",3
"DC-C1-CACAATGAGCTGCTAT.1",3
"DC-C1-CACAGCACCCACGGCA.1",3
"DC-C1-CACATGATTCAGCAAC.1",3
"DC-C1-CACTCAAGAGCTATGG.1",3
"DC-C1-CACTTAATCAGACGGA.1",3
"DC-C1-CAGACGAACCTGATAC.1",3
"DC-C1-CAGAGACGGTCACCCA.1",3
"DC-C1-CAGCTCACTGAGACAT.1",3
"DC-C1-CAGTCTGTATACTGGG.1",3
"DC-C1-CATACGGCGTCTGGGC.1",3
"DC-C1-CATACTATGTAATTGT.1",3
"DC-C1-CATATAGGTACAGTCA.1",3
"DC-C1-CATCGGACGGGTTAAT.1",3
"DC-C1-CATTATGCTTGTTGTG.1",3
"DC-C1-CATTTGAGTGGTACGT.1",3
"DC-C1-CCAAGAAAGTGGGCGA.1",3
"DC-C1-CCAATAGTGCCGTCGA.1",3
"DC-C1-CCAATGTCACAGCAAG.1",3
"DC-C1-CCACACTGAGATATTA.1",3
"DC-C1-CCAGGGACGTGGCCTC.1",3
"DC-C1-CCATCGCAGTTAAACT.1",3
"DC-C1-CCATGCCTGTTTAGTA.1",3
"DC-C1-CCATTAGCGATAATCC.1",3
"DC-C1-CCATTCCCTGCCCACA.1",3
"DC-C1-CCCGCAGCGCGAACTA.1",3
"DC-C1-CCCGTCAGCGTCTGAC.1",3
"DC-C1-CCCTTTGACAGGTCTT.1",3
"DC-C1-CCTACTGCTTACACTT.1",3
"DC-C1-CCTCTGTACTATTCTA.1",3
"DC-C1-CCTGCTATTTGAGAAG.1",3
"DC-C1-CCTGTAAGACATGATA.1",3
"DC-C1-CCTGTCGCCCGTAAAT.1",3
"DC-C1-CGAACCCGCATGCGTC.1",3
"DC-C1-CGACAGTTCGCGTTAT.1",3
"DC-C1-CGATACCTCGCGGACA.1",3
"DC-C1-CGATCCGACCCAGTGC.1",3
"DC-C1-CGCATGGTGCGATGCT.1",3
"DC-C1-CGCATTAGCTAATAGG.1",3
"DC-C1-CGCCTCCCTCCTCTAT.1",3
"DC-C1-CGCGCATGTTTGATTG.1",3
"DC-C1-CGCGTTCATGAAATAC.1",3
"DC-C1-CGCTACGGGACATTTA.1",3
"DC-C1-CGCTATTCTTAGGCTC.1",3
"DC-C1-CGGAACGTAAACATAG.1",3
"DC-C1-CGGAGCATGGCGATCC.1",3
"DC-C1-CGGCCACGCACAAAGT.1",3
"DC-C1-CGGGAATTTATGTAAA.1",3
"DC-C1-CGGGCAGCTAAACCGC.1",3
"DC-C1-CGGGCCTTCTTTGTAA.1",3
"DC-C1-CGTATTAAGAGATCTA.1",3
"DC-C1-CGTCACGTCCATTGGT.1",3
"DC-C1-CGTGAAGTTAATTCAC.1",3
"DC-C1-CGTTGAGCGACCGTCG.1",3
"DC-C1-CGTTGTTTCAATTCCC.1",3
"DC-C1-CTAAGGGAATGATTGG.1",3
"DC-C1-CTAGCATAGTATAATG.1",3
"DC-C1-CTAGTCACGTCTTAAG.1",3
"DC-C1-CTAGTGAAGGACAGGA.1",3
"DC-C1-CTATCGGGTCTCAACA.1",3
"DC-C1-CTATGTCACTAGCCCA.1",3
"DC-C1-CTATTCATGTGTCCCA.1",3
"DC-C1-CTCGAGGTCGAACAGT.1",3
"DC-C1-CTCTATTTGGCTGCAG.1",3
"DC-C1-CTCTCACAATCGATGA.1",3
"DC-C1-CTCTGGACGCCTGGTG.1",3
"DC-C1-CTGAATCCGAGACCTC.1",3
"DC-C1-CTGCCATGCATCACAT.1",3
"DC-C1-CTGGAAATGGATGCTT.1",3
"DC-C1-CTGGATTTACACTTGA.1",3
"DC-C1-CTGTACTTCTTAGCAT.1",3
"DC-C1-CTGTGCAGGGTAGGTC.1",3
"DC-C1-CTGTTACCCAATCTAG.1",3
"DC-C1-CTTCATTGTCAGTGGA.1",3
"DC-C1-CTTCGTAGATAGGTGA.1",3
"DC-C1-CTTGCCCAGGCTCTAC.1",3
"DC-C1-CTTGTCAACATTCGAG.1",3
"DC-C1-CTTTGGCTTTAGTAAA.1",3
"DC-C1-GAAACCGAATTACCTT.1",3
"DC-C1-GAAATTGTCTCTATAA.1",3
"DC-C1-GAAGCGTGAGGAATTT.1",3
"DC-C1-GAAGTCAGTTGCACTA.1",3
"DC-C1-GAAGTGATTTATCGTG.1",3
"DC-C1-GAAGTTTCCACTCAAT.1",3
"DC-C1-GAATCTGAACATTCTC.1",3
"DC-C1-GAATTCACCCGGGTGT.1",3
"DC-C1-GACACTGAGTTCAGTG.1",3
"DC-C1-GACCGTGCTGACGGTG.1",3
"DC-C1-GAGACTGATGGGTAGA.1",3
"DC-C1-GAGACTTCGCGACCGA.1",3
"DC-C1-GAGATCTGCTTGGCAT.1",3
"DC-C1-GAGTATGCCCGCCTTG.1",3
"DC-C1-GAGTCCGCTTACCGGA.1",3
"DC-C1-GATACGATGGGAGTCA.1",3
"DC-C1-GATAGGTAACGTTGAC.1",3
"DC-C1-GATCATTCCAAACATT.1",3
"DC-C1-GATCCCTTTATACTGC.1",3
"DC-C1-GATCGTGACTGATATC.1",3
"DC-C1-GATCTTGGAGGGCATA.1",3
"DC-C1-GATGCGTCCTGCATTC.1",3
"DC-C1-GATGCTGTATTTCATC.1",3
"DC-C1-GATGTTCAATCCACGA.1",3
"DC-C1-GATTCGACGGTTCACG.1",3
"DC-C1-GCAAATATTACGCTTT.1",3
"DC-C1-GCAGATTAGGGATATC.1",3
"DC-C1-GCAGCACACAGCCCAG.1",3
"DC-C1-GCATAGAGCACTCAGG.1",3
"DC-C1-GCCCGATCTGTGGTCG.1",3
"DC-C1-GCCGAAATTCCTACGT.1",3
"DC-C1-GCCGATTGGCCAAGCT.1",3
"DC-C1-GCGAAGCCATACCCGT.1",3
"DC-C1-GCGACGATAGTTGTAC.1",3
"DC-C1-GCGAGGCCCGAGCAGA.1",3
"DC-C1-GCGAGTTCTGCAAAGA.1",3
"DC-C1-GCGCCGTTCCACGATA.1",3
"DC-C1-GCGCTATGCCGAGGCA.1",3
"DC-C1-GCGGTTCCCTATCATG.1",3
"DC-C1-GCTACGACTTATTGGG.1",3
"DC-C1-GCTAGTAGAGCTTGTA.1",3
"DC-C1-GCTCTCGGGTACCGAA.1",3
"DC-C1-GCTGAGGCGTGAGTAT.1",3
"DC-C1-GCTGCACGGTTTCTTA.1",3
"DC-C1-GCTGCTCTCCGGACAC.1",3
"DC-C1-GGAACCGTGTAAATTG.1",3
"DC-C1-GGAGACGACACCTTTG.1",3
"DC-C1-GGATGACGCGAGTTTA.1",3
"DC-C1-GGCAAATTACTTTACT.1",3
"DC-C1-GGCAAGGCGAAATAGC.1",3
"DC-C1-GGCACTCCACTGGGCA.1",3
"DC-C1-GGCGCATGAATTGATG.1",3
"DC-C1-GGCGCGTTCGAGTTTA.1",3
"DC-C1-GGCTATTAAGTTGTAT.1",3
"DC-C1-GGGACTGCATAGATAG.1",3
"DC-C1-GGGAGAACTCACAGTA.1",3
"DC-C1-GGGATGGTCGTAACCG.1",3
"DC-C1-GGGCCCGTCTTAAACA.1",3
"DC-C1-GGGCGATATGTGTGAA.1",3
"DC-C1-GGGCGGCAAATGAATT.1",3
"DC-C1-GGGCGTCACCACGTAA.1",3
"DC-C1-GGGTCACCGTGACGGT.1",3
"DC-C1-GGGTGACACCTTAACT.1",3
"DC-C1-GGTACAAACATGCTAT.1",3
"DC-C1-GGTAGTGCTCGCACCA.1",3
"DC-C1-GGTCAGTGGGTCCCAC.1",3
"DC-C1-GGTGCTGGTACACATT.1",3
"DC-C1-GTAATCTGATTCTTCG.1",3
"DC-C1-GTACACTTACCTGAAG.1",3
"DC-C1-GTACGTTTGCCCGTCA.1",3
"DC-C1-GTACTAAGATTTGGAG.1",3
"DC-C1-GTAGCGGCTATACACT.1",3
"DC-C1-GTATCTTTCATAACCA.1",3
"DC-C1-GTCATGCACCTCCGTT.1",3
"DC-C1-GTCATTAGAGCGAACG.1",3
"DC-C1-GTCCGGCTGAATTGCG.1",3
"DC-C1-GTCGTACCATCTCGGG.1",3
"DC-C1-GTCTATCTGAGTTTCT.1",3
"DC-C1-GTCTGGGCGGTCGAGA.1",3
"DC-C1-GTGACTTCAGTAGTGC.1",3
"DC-C1-GTGAGTGGTACAACGC.1",3
"DC-C1-GTGCGAAATCGAACAC.1",3
"DC-C1-GTTACTTTGGGCCTAG.1",3
"DC-C1-GTTATATTATCTCCCT.1",3
"DC-C1-GTTGCACGGAGTTTCG.1",3
"DC-C1-GTTTACGTTCCATCTG.1",3
"DC-C1-GTTTCTGCAGTCTCCC.1",3
"DC-C1-GTTTGACCAAATCCTA.1",3
"DC-C1-GTTTGGGCTTGTGAGC.1",3
"DC-C1-GTTTGGTAGGGTCAAC.1",3
"DC-C1-TAACTCATCCGCGCGG.1",3
"DC-C1-TACAACGCACAACTCA.1",3
"DC-C1-TACATAGGCATACACC.1",3
"DC-C1-TACATTTCTAACGTGC.1",3
"DC-C1-TACCAGAAGTAGGTTC.1",3
"DC-C1-TACCGGCTCACTGCCC.1",3
"DC-C1-TACGAACACGACTTCA.1",3
"DC-C1-TACGACGCTTGCTGCG.1",3
"DC-C1-TACGACTGCCTCTTAG.1",3
"DC-C1-TACGAGAACTTCACGT.1",3
"DC-C1-TACGCCATATTCTAAT.1",3
"DC-C1-TAGATATGGACTGGAA.1",3
"DC-C1-TAGCGTTGGGTCTTAC.1",3
"DC-C1-TAGCTAAGTCCGGGAG.1",3
"DC-C1-TAGCTAGAAGGCATGA.1",3
"DC-C1-TAGCTCGCCTGATAAC.1",3
"DC-C1-TAGGTTCGAGTTCGTC.1",3
"DC-C1-TAGTCCGCAGAGAATG.1",3
"DC-C1-TATACACAGACGCCTT.1",3
"DC-C1-TATGGATGTGCTACGC.1",3
"DC-C1-TATGGGTACGTATCGT.1",3
"DC-C1-TATGGTCTGAGTAACA.1",3
"DC-C1-TATTCCACTCAGCTCG.1",3
"DC-C1-TATTCGTGCCAGAATA.1",3
"DC-C1-TCAAACTTAGATTGTT.1",3
"DC-C1-TCAACCATGTTCGGGC.1",3
"DC-C1-TCAACGAGGAGACAAA.1",3
"DC-C1-TCACAGCAAACTCGAA.1",3
"DC-C1-TCACGTGCCCGATTCA.1",3
"DC-C1-TCAGTAGGGACTATAA.1",3
"DC-C1-TCCAGAGCACCGGTTC.1",3
"DC-C1-TCCAGGCGAGTACGGT.1",3
"DC-C1-TCCGATGGTGCGACAT.1",3
"DC-C1-TCCGGTTCGTCCGGTC.1",3
"DC-C1-TCCTTTCTTACGCTTA.1",3
"DC-C1-TCGAGACCAACACCGT.1",3
"DC-C1-TCGCTCGATATATTCC.1",3
"DC-C1-TCGTTAGGAGTCCCTA.1",3
"DC-C1-TCTAGCATGCCCAGAA.1",3
"DC-C1-TCTTCGAATAGACGTT.1",3
"DC-C1-TCTTCGATACCAATAA.1",3
"DC-C1-TCTTGATGCGTAGCGA.1",3
"DC-C1-TGACCCACGTTAGACA.1",3
"DC-C1-TGACTATAATCCTTTC.1",3
"DC-C1-TGAGTAAATTAGCGTA.1",3
"DC-C1-TGATCGGTTTGACCCT.1",3
"DC-C1-TGATCTCCGGCGCCAG.1",3
"DC-C1-TGATTCTGTCGCCGGT.1",3
"DC-C1-TGCAAGAATGACGTAA.1",3
"DC-C1-TGCAGAGTACCGAGCA.1",3
"DC-C1-TGCGACACCCTAGTGC.1",3
"DC-C1-TGGACTGTTCGCTCAA.1",3
"DC-C1-TGGCAGCAGTAATAGT.1",3
"DC-C1-TGGCGATCAAGTTATG.1",3
"DC-C1-TGTACGAACAAATCCG.1",3
"DC-C1-TGTTCCGCTTCCATGA.1",3
"DC-C1-TGTTCGTATTGCGGTG.1",3
"DC-C1-TGTTCTTCCATTGACT.1",3
"DC-C1-TTACAACTACGCATCC.1",3
"DC-C1-TTACTGGGATATTTCA.1",3
"DC-C1-TTATGAATGAAAGGGA.1",3
"DC-C1-TTATTAGAGCGTGTTC.1",3
"DC-C1-TTCACGAAAGGATCAC.1",3
"DC-C1-TTCCAATCTGGCTATC.1",3
"DC-C1-TTCCACACAGATTTGA.1",3
"DC-C1-TTCCGCGTGAGGCGAT.1",3
"DC-C1-TTCCTCGAGGGTGTCT.1",3
"DC-C1-TTCGGGACTAATCGCG.1",3
"DC-C1-TTCTGCCGCGCCTAGA.1",3
"DC-C1-TTGCTGATCATGTTCG.1",3
"DC-C1-TTGGATATCGTCTACG.1",3
"DC-C1-TTGGTCACACTCGTAA.1",3
"DC-C1-TTGTGTTTCCCGAAAG.1",3
"INT-A1-AACAACTGGTAGTTGC.1",2
"INT-A1-AACCTTTAAATACGGT.1",2
"INT-A1-AACGATAATGCCGTAG.1",2
"INT-A1-AACTCAAGTTAATTGC.1",2
"INT-A1-AAGAGGCATGGATCGC.1",2
"INT-A1-AAGCATACTCTCCTGA.1",2
"INT-A1-AAGGCTGTGCTCATCG.1",2
"INT-A1-ACAATTTGAGCAGTGG.1",2
"INT-A1-ACATAATAAGGCGGTG.1",2
"INT-A1-ACATTAGTTTATATCC.1",2
"INT-A1-ACCCGGAAACTCCCAG.1",2
"INT-A1-ACGCCGCTAGACGACC.1",2
"INT-A1-ACGGCACTTGCTTGGG.1",2
"INT-A1-ACTCCCTAATGCTAAA.1",2
"INT-A1-ACTGTACGATACACAT.1",2
"INT-A1-ACTTGGGACCCGGTGG.1",2
"INT-A1-AGACTAGCCTTCCAGA.1",2
"INT-A1-AGATTATAGGACGTTT.1",2
"INT-A1-AGCATCGTCGATAATT.1",2
"INT-A1-AGGATAAAGTCGGGAT.1",2
"INT-A1-AGTGATATGAGTAGTT.1",2
"INT-A1-AGTTCCTACAGAATTA.1",2
"INT-A1-ATACAGGCCCTCCAAT.1",2
"INT-A1-ATACTAGCATGACCCT.1",2
"INT-A1-ATATAAATGTAGCTGC.1",2
"INT-A1-ATCCTACCTAAGCTCT.1",2
"INT-A1-ATCGACTCTTTCCGTT.1",2
"INT-A1-ATGCACTACCGCATTG.1",2
"INT-A1-ATTAATACTACGCGGG.1",2
"INT-A1-ATTATGCCATAGGGAG.1",2
"INT-A1-ATTGAAGATCTTAGTG.1",2
"INT-A1-CACGCAGCGAGGCTTT.1",2
"INT-A1-CACGTTCGTGCTCTAG.1",2
"INT-A1-CAGAGACGGTCACCCA.1",2
"INT-A1-CAGCAGCCCGTTCCTT.1",2
"INT-A1-CCAACGATGCACTGAT.1",2
"INT-A1-CCATGCCTGTTTAGTA.1",2
"INT-A1-CCATTTCTACCTATTA.1",2
"INT-A1-CCCGTCAGCGTCTGAC.1",2
"INT-A1-CCTAAATTAACGGTTC.1",2
"INT-A1-CCTCTGTACTATTCTA.1",2
"INT-A1-CCTGGCTAGACCCGCC.1",2
"INT-A1-CGAGGGACTGCGGTCG.1",2
"INT-A1-CGCAATTAGGGTAATA.1",2
"INT-A1-CGCGGGAATTAGGCAG.1",2
"INT-A1-CGCTCTCCGTAGATTA.1",2
"INT-A1-CGGAGCAATTTAATCG.1",2
"INT-A1-CGGCAAACATCGTGCG.1",2
"INT-A1-CGTCACGTCCATTGGT.1",2
"INT-A1-CTAGTTACAACCCGGT.1",2
"INT-A1-CTATTCATGTGTCCCA.1",2
"INT-A1-CTCATTTGATGGGCGG.1",2
"INT-A1-CTCTTGTCCCGCTTGG.1",2
"INT-A1-CTGAATCCGAGACCTC.1",2
"INT-A1-CTGCACTCCAGTACAG.1",2
"INT-A1-CTGCTTGGCGATAGCT.1",2
"INT-A1-CTGGCTGGTTGTCAGT.1",2
"INT-A1-CTGTGCAGGGTAGGTC.1",2
"INT-A1-CTGTTCACTGCCTGTG.1",2
"INT-A1-CTTACACGGTATTCCA.1",2
"INT-A1-CTTTCTGTGCGGGCTT.1",2
"INT-A1-GAACACACATCAACCA.1",2
"INT-A1-GACCAGAGCCCTGTAG.1",2
"INT-A1-GACTAAGTAGGCTCAC.1",2
"INT-A1-GAGCTAAGGGCATATC.1",2
"INT-A1-GATCCCTTTATACTGC.1",2
"INT-A1-GATCGACACTATCTGA.1",2
"INT-A1-GCAAACCTTGGCCATA.1",2
"INT-A1-GCAGCACACAGCCCAG.1",2
"INT-A1-GCCCGATCTGTGGTCG.1",2
"INT-A1-GCGCTATGCCGAGGCA.1",2
"INT-A1-GCGTCGCCAGGGTGAT.1",2
"INT-A1-GCTTCCGTCCCTAGAC.1",2
"INT-A1-GGAGACGACACCTTTG.1",2
"INT-A1-GGATGACGCGAGTTTA.1",2
"INT-A1-GGATTTCACTTCTATA.1",2
"INT-A1-GGCGGAGTAATATTAG.1",2
"INT-A1-GGGCTGGTTAGTCGCG.1",2
"INT-A1-GGTAGAAGACCGCCTG.1",2
"INT-A1-GGTGCTGGTACACATT.1",2
"INT-A1-GTAAGCGGGCAGTCAG.1",2
"INT-A1-GTACACTTACCTGAAG.1",2
"INT-A1-GTACTGGAGTTAGACC.1",2
"INT-A1-GTCATGCACCTCCGTT.1",2
"INT-A1-GTGACTTCAGTAGTGC.1",2
"INT-A1-GTGGGCTTAGACACAC.1",2
"INT-A1-GTTGAACCGGTTCCAT.1",2
"INT-A1-GTTGGTCATGCTATCC.1",2
"INT-A1-GTTTGGTAGGGTCAAC.1",2
"INT-A1-TAGGGTGTTTCAAGAG.1",2
"INT-A1-TAGTGCCCTCCAGAGT.1",2
"INT-A1-TATCGATGATTAAACG.1",2
"INT-A1-TCAGGTTCTTTGAGAA.1",2
"INT-A1-TCCACTTTATCTAGGT.1",2
"INT-A1-TCCCAGGCTTAGCTAA.1",2
"INT-A1-TCGGACGCCCAGCCCA.1",2
"INT-A1-TCTATCGGTCGCAACA.1",2
"INT-A1-TCTGTGCCATCATAGT.1",2
"INT-A1-TGAAAGGACCTGACTC.1",2
"INT-A1-TGAGCGGAAAGTGTTC.1",2
"INT-A1-TGCAGAGTACCGAGCA.1",2
"INT-A1-TGCCGTGGATCGTCCT.1",2
"INT-A1-TGGAGTGATGCGATGA.1",2
"INT-A1-TGGTCCCACGCTACGG.1",2
"INT-A1-TGTATAACAGATCCTG.1",2
"INT-A1-TTAAGCGCCTGACCCA.1",2
"INT-A1-TTAGAAGAACATGACT.1",2
"INT-A1-TTATCTGTATCATAAC.1",2
"INT-A1-TTCGACAGAGCCCGTG.1",2
"INT-A1-TTCGCACTCGCGTGCT.1",2
"INT-A1-TTGATCTAACTTTGTC.1",2
"INT-A1-TTGCACGGAGCAGCAC.1",2
"INT-A1-TTGTAAGGCCAGTTGG.1",2
"INT-A1-TTGTCGTTCAGTTACC.1",2
"INT-B1-AAACGAGACGGTTGAT.1",2
"INT-B1-AAATGGTCAATGTGCC.1",2
"INT-B1-AACAACTGGTAGTTGC.1",2
"INT-B1-AACGTCAGACTAGTGG.1",2
"INT-B1-AACGTGCGAAAGTCTC.1",2
"INT-B1-AAGAGGCATGGATCGC.1",2
"INT-B1-AAGCTCGTGCCAAGTC.1",2
"INT-B1-AAGGCGCGTAAAGCTT.1",2
"INT-B1-AATCGCCTCAGCGCCA.1",2
"INT-B1-AATGACGTAGGATGTC.1",2
"INT-B1-AATTAAAGGTCGGCGT.1",2
"INT-B1-ACAACAGCATGAGCTA.1",2
"INT-B1-ACAAGGGCAGGCTCTG.1",2
"INT-B1-ACACCCAGCATGCAGC.1",2
"INT-B1-ACACGAGACTCCTTCT.1",2
"INT-B1-ACATCGTATGCAATGG.1",2
"INT-B1-ACCATATCCGCAATAA.1",2
"INT-B1-ACCCGGTTACACTTCC.1",2
"INT-B1-ACGATCATACATAGAG.1",2
"INT-B1-ACGATGCATATGTTAT.1",2
"INT-B1-ACGCGGGCCAAGGACA.1",2
"INT-B1-ACTCAATAAAGGCACG.1",2
"INT-B1-ACTCTCTGACTTAGGT.1",2
"INT-B1-ACTGTACGATACACAT.1",2
"INT-B1-AGATGACTCGCCCACG.1",2
"INT-B1-AGCACCAGTACTCACG.1",2
"INT-B1-AGCTCTAGACGTTCCA.1",2
"INT-B1-AGTCAACACCACCATC.1",2
"INT-B1-AGTCGGCCCAAACGAC.1",2
"INT-B1-AGTCTTCTCCTCAAAT.1",2
"INT-B1-AGTGATATGAGTAGTT.1",2
"INT-B1-ATAAACGGACCCGTAA.1",2
"INT-B1-ATAAAGGCTCGGTCGT.1",2
"INT-B1-ATAACGGAGTCCAACG.1",2
"INT-B1-ATAAGTTACCGCGACG.1",2
"INT-B1-ATAATAGCTGTTGAAT.1",2
"INT-B1-ATCATCCAATATTTGT.1",2
"INT-B1-ATCCAACGCAGTCATA.1",2
"INT-B1-ATCTGGTTAAGACTGT.1",2
"INT-B1-ATGAGGAGTGTTAATC.1",2
"INT-B1-ATGATGCAATGGTACA.1",2
"INT-B1-ATGCACTACCGCATTG.1",2
"INT-B1-ATGCGACAGTCCCATT.1",2
"INT-B1-ATGTGCATCCGACGCA.1",2
"INT-B1-ATTAGGCGATGCTTTC.1",2
"INT-B1-ATTGCTGCTCCTCCAT.1",2
"INT-B1-CAATAAACCTTGGCCC.1",2
"INT-B1-CACAATGAGCTGCTAT.1",2
"INT-B1-CACGCACAGCGCAGCT.1",2
"INT-B1-CACGTTCGTGCTCTAG.1",2
"INT-B1-CAGATACTAACATAGT.1",2
"INT-B1-CAGCTCACTGAGACAT.1",2
"INT-B1-CAGTTCAAATTGACAC.1",2
"INT-B1-CATACTATGTAATTGT.1",2
"INT-B1-CATTATGCTTGTTGTG.1",2
"INT-B1-CCAATAGTGCCGTCGA.1",2
"INT-B1-CCACCCAAGGAAAGTG.1",2
"INT-B1-CCCGTCAGCGTCTGAC.1",2
"INT-B1-CCTCTAATCTGCCAAG.1",2
"INT-B1-CCTGCTATTTGAGAAG.1",2
"INT-B1-CGCAAACACGAGTTAC.1",2
"INT-B1-CGCAATTAGGGTAATA.1",2
"INT-B1-CGCGGGAATTAGGCAG.1",2
"INT-B1-CGCTACGGGACATTTA.1",2
"INT-B1-CGTCACGTCCATTGGT.1",2
"INT-B1-CGTGCCCTCCCGAAGA.1",2
"INT-B1-CTAGATTTACGACGGC.1",2
"INT-B1-CTATTTGGTTACGGAT.1",2
"INT-B1-CTGAATCCGAGACCTC.1",2
"INT-B1-CTGGAAATGGATGCTT.1",2
"INT-B1-CTGGGATAAATAATGG.1",2
"INT-B1-CTGGGTAGGCAGTTAA.1",2
"INT-B1-GAACGTCTCATGGTCG.1",2
"INT-B1-GAAGTGATTTATCGTG.1",2
"INT-B1-GAATCGACATGGTCAC.1",2
"INT-B1-GAATGTGGTCCGGATT.1",2
"INT-B1-GAATTATAGTGAAAGG.1",2
"INT-B1-GACACAAGGGAAGAAA.1",2
"INT-B1-GACCGTGCTGACGGTG.1",2
"INT-B1-GACTGCACCAGCCCAG.1",2
"INT-B1-GAGATCTTCCATGACA.1",2
"INT-B1-GATGCTGTATTTCATC.1",2
"INT-B1-GCGAAACTTAACTGGA.1",2
"INT-B1-GCGACGATAGTTGTAC.1",2
"INT-B1-GCTAAGTAGTTTCTCT.1",2
"INT-B1-GGAATGCGCTAGCGTG.1",2
"INT-B1-GGAGAAGTCATTGGCA.1",2
"INT-B1-GGATCCGGAATATACT.1",2
"INT-B1-GGATTTCACTTCTATA.1",2
"INT-B1-GGCAAATTACTTTACT.1",2
"INT-B1-GGCAATAGTCAATGAG.1",2
"INT-B1-GGCGCATGAATTGATG.1",2
"INT-B1-GGCGCGTTCGAGTTTA.1",2
"INT-B1-GGCGGAGTAATATTAG.1",2
"INT-B1-GGGCCGGCCGAAGTAC.1",2
"INT-B1-GGTACAAACATGCTAT.1",2
"INT-B1-GGTCAGTGGGTCCCAC.1",2
"INT-B1-GGTCGGCCAGGAGCTT.1",2
"INT-B1-GGTGATAAGGAGCAGT.1",2
"INT-B1-GGTGCTGGTACACATT.1",2
"INT-B1-GGTTTACAATCTCAAT.1",2
"INT-B1-GTAAGTAGGGTATACC.1",2
"INT-B1-GTACAGAGGCAAGGGT.1",2
"INT-B1-GTACGAGATTGCGACA.1",2
"INT-B1-GTACTGGAGTTAGACC.1",2
"INT-B1-GTCCCAACGTAAAGTA.1",2
"INT-B1-GTCGTACCATCTCGGG.1",2
"INT-B1-GTGACTTCAGTAGTGC.1",2
"INT-B1-GTGTACCTTGGCTACG.1",2
"INT-B1-GTTGCACGGAGTTTCG.1",2
"INT-B1-GTTGGATTGAGAACAC.1",2
"INT-B1-TACCGGCTCACTGCCC.1",2
"INT-B1-TACGCAGTTCTTTCCT.1",2
"INT-B1-TAGAAAGGTGGCGCTA.1",2
"INT-B1-TAGCCGGCGGTCAGCG.1",2
"INT-B1-TAGGGTGTTTCAAGAG.1",2
"INT-B1-TAGGTTCGAGTTCGTC.1",2
"INT-B1-TAGTGCCCTCCAGAGT.1",2
"INT-B1-TATCGATGATTAAACG.1",2
"INT-B1-TATGGTCTGAGTAACA.1",2
"INT-B1-TATTCGTGCCAGAATA.1",2
"INT-B1-TCAACCATGTTCGGGC.1",2
"INT-B1-TCACGCATTGTAGATC.1",2
"INT-B1-TCACGGTCATCGCACA.1",2
"INT-B1-TCAGCAAATGCATCTC.1",2
"INT-B1-TCCCAGGCTTAGCTAA.1",2
"INT-B1-TCGGACGCCCAGCCCA.1",2
"INT-B1-TCGTAAGACGACATTG.1",2
"INT-B1-TCTAGCATCTTCGATG.1",2
"INT-B1-TCTGTGCCATCATAGT.1",2
"INT-B1-TCTTCGAATAGACGTT.1",2
"INT-B1-TGATCGGTTTGACCCT.1",2
"INT-B1-TGCAGAGTACCGAGCA.1",2
"INT-B1-TGCAGGATCGGCAAAG.1",2
"INT-B1-TGCCCGTACCGTTAAA.1",2
"INT-B1-TGGAGTGATGCGATGA.1",2
"INT-B1-TGTTCCGCTTCCATGA.1",2
"INT-B1-TGTTCTTCCATTGACT.1",2
"INT-B1-TTACTCCGGCCGGGAA.1",2
"INT-B1-TTCCGCGTGAGGCGAT.1",2
"INT-B1-TTCGGGACTAATCGCG.1",2
"INT-B1-TTGGATATCGTCTACG.1",2
"INT-B1-TTGTCGTTCAGTTACC.1",2
"INT-B1-TTGTTAGCAAATTCGA.1",2
"INT-B1-TTGTTCAGTGTGCTAC.1",2
"INT-C1-AATAGAACAGAGTGGC.1",2
"INT-C1-ACCATCGTATATGGTA.1",2
"INT-C1-ACGTTAGATTTGCCCG.1",2
"INT-C1-ACTTGGGACCCGGTGG.1",2
"INT-C1-AGATTATAGGACGTTT.1",2
"INT-C1-AGGATAAAGTCGGGAT.1",2
"INT-C1-ATAAAGGCTCGGTCGT.1",2
"INT-C1-ATAGTGAAGCGTTCTC.1",2
"INT-C1-ATATTCAGTTAAACCT.1",2
"INT-C1-ATCCTACCTAAGCTCT.1",2
"INT-C1-ATTTACAGTTTACTGG.1",2
"INT-C1-CAAACGGTCGCACTTT.1",2
"INT-C1-CAAGCAACGTCGGAGT.1",2
"INT-C1-CACCGCCAGAAGGTTT.1",2
"INT-C1-CACGCAGCGAGGCTTT.1",2
"INT-C1-CACTAAAGTTGCCTAT.1",2
"INT-C1-CAGGCCGTTTGGGTGT.1",2
"INT-C1-CCCTGAAATGAGTTGA.1",2
"INT-C1-CCGCGGAATGCGTCAC.1",2
"INT-C1-CCGCTATCAGCACCAG.1",2
"INT-C1-CGCTCTCCGTAGATTA.1",2
"INT-C1-CGGAGCAATTTAATCG.1",2
"INT-C1-CGGCAAACATCGTGCG.1",2
"INT-C1-CGTTTCGCTCATTACA.1",2
"INT-C1-CTAAAGGGAAATAGGA.1",2
"INT-C1-CTTCTATTAATGCTAG.1",2
"INT-C1-CTTGTACTTGTTGACT.1",2
"INT-C1-CTTTCTGTGCGGGCTT.1",2
"INT-C1-GACATCGATTTATAAC.1",2
"INT-C1-GAGAGGGCGCGAGGTT.1",2
"INT-C1-GATCGCGGGCTCTCCA.1",2
"INT-C1-GATCTTTGCAGGGTAT.1",2
"INT-C1-GCAGGACTATAGAATA.1",2
"INT-C1-GCGTCGCCAGGGTGAT.1",2
"INT-C1-GGCGGAGTAATATTAG.1",2
"INT-C1-GGGAGGATGCCCGAAA.1",2
"INT-C1-GGGTACTTCATGAACT.1",2
"INT-C1-GGTAGACCGTTGGGCG.1",2
"INT-C1-GGTATTGCCGAGTTTA.1",2
"INT-C1-GTGCCGCTTCAAAGGT.1",2
"INT-C1-GTGCTCAAGTACTGTC.1",2
"INT-C1-GTGGGCTTAGACACAC.1",2
"INT-C1-GTTCGCCATAAGTGCC.1",2
"INT-C1-GTTGGATTTGCGTTGG.1",2
"INT-C1-GTTTCCTGGAGGGTGA.1",2
"INT-C1-TAAGTAACATCTTGAC.1",2
"INT-C1-TACCGTGCCTCGGACC.1",2
"INT-C1-TACGCAGTTCTTTCCT.1",2
"INT-C1-TAGAGTCTAAGCGAAC.1",2
"INT-C1-TATGGGACCGAGCAGG.1",2
"INT-C1-TATTCAATTCTAATCC.1",2
"INT-C1-TCAGGTTCTTTGAGAA.1",2
"INT-C1-TCCAACTTTAAATTCT.1",2
"INT-C1-TCCCAGCTTTAGTCTG.1",2
"INT-C1-TCCGCTTATCCCATTA.1",2
"INT-C1-TCCTAGCAAAGAAGCT.1",2
"INT-C1-TCTAGTTATCAGAAGA.1",2
"INT-C1-TGAGTGCCTCTTAAAT.1",2
"INT-C1-TGATTCGTCTATCACT.1",2
"INT-C1-TGCGTAAGAACCTGAT.1",2
"INT-C1-TTAGAAGAACATGACT.1",2
"INT-C1-TTCGACAGAGCCCGTG.1",2
"INT-C1-TTCTTGAGCCGCGCTA.1",2
"INT-C1-TTGCACAATTCAGAAA.1",2
"INT-C1-TTGTAATCCGTACTCG.1",2
