"","as.numeric(as.character(recode(y, `Single (0 < X <= 1)` = ""0"", `Small (1 < X <= 9)` = ""1"", `Medium (9 < X <= 100)` = ""2"")))"
"X6W_all_all_AAACCTGGTATAGGGC.1",1
"X6W_all_all_AAAGCAAAGGCCCGTT.1",0
"X6W_all_all_AAAGTAGCAGTCTTCC.1",0
"X6W_all_all_AAATGCCGTAGGAGTC.1",0
"X6W_all_all_AACACGTGTTTCCACC.1",0
"X6W_all_all_AACCATGAGGGTTTCT.1",0
"X6W_all_all_AACTCAGTCCTTTCTC.1",0
"X6W_all_all_AACTCCCCAGTGGAGT.1",0
"X6W_all_all_AACTCCCTCCAGAGGA.1",0
"X6W_all_all_AACTGGTGTCTCGTTC.1",0
"X6W_all_all_AAGGCAGAGCTGCGAA.1",0
"X6W_all_all_AAGGCAGTCATGTCCC.1",0
"X6W_all_all_AAGGTTCTCGACAGCC.1",0
"X6W_all_all_ACACCAACATCCAACA.1",0
"X6W_all_all_ACACTGAAGCAAATCA.1",0
"X6W_all_all_ACACTGAAGCCACCTG.1",0
"X6W_all_all_ACAGCCGAGAGTGACC.1",1
"X6W_all_all_ACAGCCGTCGGCCGAT.1",1
"X6W_all_all_ACAGCTAAGGATCGCA.1",0
"X6W_all_all_ACATGGTCAGGTCCAC.1",1
"X6W_all_all_ACCCACTAGGCCCTCA.1",0
"X6W_all_all_ACCGTAAAGCTAGGCA.1",0
"X6W_all_all_ACGAGCCGTAAGCACG.1",0
"X6W_all_all_ACGAGGAGTAGGACAC.1",0
"X6W_all_all_ACGATACCACAGCCCA.1",0
"X6W_all_all_ACGGGCTGTTACTGAC.1",0
"X6W_all_all_ACGGGCTTCAAACCGT.1",1
"X6W_all_all_ACGGGCTTCTGCTGCT.1",1
"X6W_all_all_ACGGGCTTCTTCGGTC.1",0
"X6W_all_all_ACGGGTCCAATACGCT.1",1
"X6W_all_all_ACGTCAACACCTCGGA.1",0
"X6W_all_all_ACGTCAATCGCCATAA.1",0
"X6W_all_all_ACGTCAATCGTAGGTT.1",1
"X6W_all_all_ACTATCTCAGATGGGT.1",0
"X6W_all_all_ACTATCTTCACCCTCA.1",1
"X6W_all_all_ACTGCTCTCATGGTCA.1",0
"X6W_all_all_ACTTACTAGATGCCTT.1",0
"X6W_all_all_ACTTGTTAGCCACCTG.1",1
"X6W_all_all_AGAATAGAGCCCGAAA.1",0
"X6W_all_all_AGACGTTAGTGTACTC.1",0
"X6W_all_all_AGAGCGAGTAAGGGCT.1",1
"X6W_all_all_AGAGTGGTCTGATACG.1",0
"X6W_all_all_AGATCTGTCATGTGGT.1",0
"X6W_all_all_AGCGGTCGTGGTACAG.1",1
"X6W_all_all_AGCGTATAGTGAACAT.1",0
"X6W_all_all_AGCGTATGTGAGCGAT.1",0
"X6W_all_all_AGCTCCTCAGGGATTG.1",0
"X6W_all_all_AGCTCTCCACCATGTA.1",0
"X6W_all_all_AGCTCTCGTTACGTCA.1",0
"X6W_all_all_AGCTTGACACAGTCGC.1",0
"X6W_all_all_AGCTTGACATACGCTA.1",0
"X6W_all_all_AGGCCACAGCATGGCA.1",0
"X6W_all_all_AGGCCACCAGCCAGAA.1",0
"X6W_all_all_AGGCCGTCAAGCTGGA.1",0
"X6W_all_all_AGGCCGTCACGAGAGT.1",0
"X6W_all_all_AGTAGTCTCTGCAAGT.1",0
"X6W_all_all_AGTCTTTCAAAGAATC.1",1
"X6W_all_all_AGTCTTTCAGGCGATA.1",1
"X6W_all_all_AGTGAGGTCTCAAACG.1",0
"X6W_all_all_AGTGGGATCGAGAGCA.1",1
"X6W_all_all_AGTGTCATCAGTGTTG.1",0
"X6W_all_all_AGTTGGTAGATAGTCA.1",1
"X6W_all_all_AGTTGGTTCTGCAGTA.1",0
"X6W_all_all_ATAGACCTCCGCATCT.1",1
"X6W_all_all_ATCACGAGTTAAGAAC.1",1
"X6W_all_all_ATCATCTCACCCAGTG.1",0
"X6W_all_all_ATCATGGAGACTAGGC.1",0
"X6W_all_all_ATCCACCTCACGCGGT.1",0
"X6W_all_all_ATCCGAAAGTGGAGAA.1",0
"X6W_all_all_ATCCGAACAGGACCCT.1",1
"X6W_all_all_ATCTACTTCAGCTCTC.1",0
"X6W_all_all_ATCTGCCGTGGCCCTA.1",0
"X6W_all_all_ATGAGGGCATCCGCGA.1",0
"X6W_all_all_ATGGGAGGTAGGGTAC.1",0
"X6W_all_all_ATGTGTGAGCGTTGCC.1",1
"X6W_all_all_ATGTGTGCACATTTCT.1",0
"X6W_all_all_ATGTGTGCATCACCCT.1",0
"X6W_all_all_ATTATCCCATGCATGT.1",0
"X6W_all_all_ATTGGACCATGACGGA.1",1
"X6W_all_all_ATTGGTGGTAACGACG.1",0
"X6W_all_all_ATTGGTGGTCATGCCG.1",0
"X6W_all_all_ATTTCTGAGGAGTTGC.1",0
"X6W_all_all_CAACTAGGTTTACTCT.1",0
"X6W_all_all_CAACTAGTCCAGTATG.1",0
"X6W_all_all_CAAGAAATCGGGAGTA.1",0
"X6W_all_all_CAAGATCTCAAAGTAG.1",0
"X6W_all_all_CAAGGCCAGGTACTCT.1",0
"X6W_all_all_CAAGGCCGTAAACGCG.1",0
"X6W_all_all_CACACAAAGACGCAAC.1",1
"X6W_all_all_CACACAATCGGCCGAT.1",0
"X6W_all_all_CACACTCTCACTATTC.1",0
"X6W_all_all_CACAGGCTCGACCAGC.1",0
"X6W_all_all_CACAGTATCGTGTAGT.1",0
"X6W_all_all_CACATTTGTTATGCGT.1",0
"X6W_all_all_CACCACTTCGGCGCTA.1",1
"X6W_all_all_CACCACTTCTTGTTTG.1",0
"X6W_all_all_CACCAGGTCTTGCAAG.1",0
"X6W_all_all_CAGAGAGAGAAACCAT.1",1
"X6W_all_all_CAGCATAAGGGAAACA.1",0
"X6W_all_all_CAGCCGAAGTACGCCC.1",0
"X6W_all_all_CATCAGAGTAAGAGGA.1",0
"X6W_all_all_CATGCCTCATGTAGTC.1",1
"X6W_all_all_CATTATCTCACATAGC.1",0
"X6W_all_all_CCAATCCGTTCGTTGA.1",0
"X6W_all_all_CCACCTAGTCACTGGC.1",0
"X6W_all_all_CCACTACAGCTAGTTC.1",0
"X6W_all_all_CCAGCGACAAGGTTCT.1",0
"X6W_all_all_CCAGCGACAGGCTCAC.1",0
"X6W_all_all_CCAGCGATCACCTCGT.1",0
"X6W_all_all_CCATGTCTCAGTACGT.1",0
"X6W_all_all_CCATGTCTCTGGGCCA.1",0
"X6W_all_all_CCCTCCTCATTATCTC.1",0
"X6W_all_all_CCCTCCTTCAAGAAGT.1",1
"X6W_all_all_CCGGTAGTCCGTTGCT.1",1
"X6W_all_all_CCTAAAGAGGTGCAAC.1",0
"X6W_all_all_CCTACACCAGCTGGCT.1",0
"X6W_all_all_CCTACCACAGTTTACG.1",0
"X6W_all_all_CCTATTACAATGACCT.1",0
"X6W_all_all_CCTCTGAGTATAGGGC.1",0
"X6W_all_all_CCTTACGGTTCCATGA.1",0
"X6W_all_all_CCTTACGTCCTCGCAT.1",0
"X6W_all_all_CGAATGTTCATGTGGT.1",0
"X6W_all_all_CGACCTTAGTGTCCCG.1",0
"X6W_all_all_CGACTTCAGCCGATTT.1",0
"X6W_all_all_CGACTTCAGGATCGCA.1",0
"X6W_all_all_CGAGAAGCAAATACAG.1",0
"X6W_all_all_CGAGCACAGATGTTAG.1",0
"X6W_all_all_CGAGCCAAGTTGTAGA.1",0
"X6W_all_all_CGATGTAAGCTTATCG.1",1
"X6W_all_all_CGATTGATCTTCGGTC.1",0
"X6W_all_all_CGCCAAGAGCGTGAGT.1",1
"X6W_all_all_CGCCAAGCAGCTGGCT.1",0
"X6W_all_all_CGCCAAGGTAGTAGTA.1",0
"X6W_all_all_CGCGGTAAGGCAATTA.1",1
"X6W_all_all_CGCGTTTAGGCTCTTA.1",0
"X6W_all_all_CGCGTTTAGTTATCGC.1",0
"X6W_all_all_CGCTATCCAATCCAAC.1",0
"X6W_all_all_CGCTGGAAGCGCTCCA.1",0
"X6W_all_all_CGCTGGACAGTCCTTC.1",0
"X6W_all_all_CGCTTCAGTTCATGGT.1",0
"X6W_all_all_CGGACACCAGACTCGC.1",0
"X6W_all_all_CGGACTGGTCAACTGT.1",0
"X6W_all_all_CGGGTCATCGGCGGTT.1",1
"X6W_all_all_CGGTTAATCCATGAAC.1",1
"X6W_all_all_CGTAGCGCATCACGTA.1",0
"X6W_all_all_CGTAGCGGTGCGCTTG.1",0
"X6W_all_all_CGTAGGCGTCATTAGC.1",0
"X6W_all_all_CGTCACTAGCAATATG.1",1
"X6W_all_all_CGTCACTAGTGCGTGA.1",0
"X6W_all_all_CGTCCATTCATTGCGA.1",0
"X6W_all_all_CGTTAGACAATCGGTT.1",0
"X6W_all_all_CGTTAGATCTTTACAC.1",0
"X6W_all_all_CTAAGACCAGCTGCAC.1",1
"X6W_all_all_CTACACCCACACCGAC.1",1
"X6W_all_all_CTACATTCAAACAACA.1",0
"X6W_all_all_CTACGTCAGATGTGTA.1",0
"X6W_all_all_CTACGTCAGTACCGGA.1",0
"X6W_all_all_CTACGTCCAAGGACTG.1",0
"X6W_all_all_CTACGTCGTCATGCAT.1",0
"X6W_all_all_CTACGTCTCATTATCC.1",0
"X6W_all_all_CTAGCCTAGAAACGAG.1",0
"X6W_all_all_CTCAGAACAGTAACGG.1",1
"X6W_all_all_CTCCTAGTCAGTGCAT.1",0
"X6W_all_all_CTCGAAAGTCAACTGT.1",0
"X6W_all_all_CTCGGAGAGACGCAAC.1",0
"X6W_all_all_CTCGGAGCACCGAAAG.1",0
"X6W_all_all_CTCGTCAGTCTGCAAT.1",0
"X6W_all_all_CTCTACGGTTGGTGGA.1",1
"X6W_all_all_CTCTGGTAGAGTAAGG.1",0
"X6W_all_all_CTCTGGTGTATCGCAT.1",0
"X6W_all_all_CTGAAACTCATTATCC.1",0
"X6W_all_all_CTGAAGTGTCTTGTCC.1",1
"X6W_all_all_CTGAAGTTCCAAAGTC.1",0
"X6W_all_all_CTGCGGAGTTTGTGTG.1",0
"X6W_all_all_CTGCGGATCTGTACGA.1",0
"X6W_all_all_CTGCTGTTCTTCAACT.1",1
"X6W_all_all_CTGGTCTGTGGCAAAC.1",1
"X6W_all_all_CTGTGCTTCACAATGC.1",0
"X6W_all_all_CTTACCGGTAAGTGGC.1",0
"X6W_all_all_CTTACCGTCCAACCAA.1",0
"X6W_all_all_CTTGGCTGTACAGTGG.1",0
"X6W_all_all_CTTTGCGGTCCTGCTT.1",1
"X6W_all_all_CTTTGCGGTTACCAGT.1",0
"X6W_all_all_GAAACTCAGGCCCTCA.1",0
"X6W_all_all_GAAATGAAGGTAAACT.1",0
"X6W_all_all_GAACCTAAGACTCGGA.1",1
"X6W_all_all_GAACCTACATTGTGCA.1",0
"X6W_all_all_GAACCTATCTGTTGAG.1",0
"X6W_all_all_GAACGGAGTAGCCTAT.1",0
"X6W_all_all_GAACGGATCGTCTGAA.1",0
"X6W_all_all_GAATAAGCAGCTCGAC.1",1
"X6W_all_all_GACACGCGTGACGGTA.1",0
"X6W_all_all_GACAGAGTCATTGCGA.1",1
"X6W_all_all_GACAGAGTCCAGTATG.1",1
"X6W_all_all_GACAGAGTCCTGTAGA.1",0
"X6W_all_all_GACCAATCACAAGCCC.1",0
"X6W_all_all_GACCTGGTCGCCGTGA.1",0
"X6W_all_all_GACGTGCGTCTTCAAG.1",0
"X6W_all_all_GACGTTAGTCTCATCC.1",0
"X6W_all_all_GACTACACATTTCAGG.1",1
"X6W_all_all_GACTGCGAGAGTGAGA.1",0
"X6W_all_all_GAGTCCGTCAGCATGT.1",0
"X6W_all_all_GATCAGTGTCAATGTC.1",0
"X6W_all_all_GATCGATTCCATGAGT.1",0
"X6W_all_all_GATCGCGTCTATCCTA.1",0
"X6W_all_all_GATCGTATCGTACCGG.1",0
"X6W_all_all_GATCGTATCTGCCAGG.1",0
"X6W_all_all_GATGAAAAGGTGATTA.1",1
"X6W_all_all_GATGAGGAGATAGTCA.1",0
"X6W_all_all_GATGCTAGTCTGATCA.1",0
"X6W_all_all_GCAATCATCCACTCCA.1",0
"X6W_all_all_GCACATATCCGCTGTT.1",0
"X6W_all_all_GCACTCTAGACTACAA.1",0
"X6W_all_all_GCAGCCAAGAGTCTGG.1",0
"X6W_all_all_GCAGTTAAGATATACG.1",0
"X6W_all_all_GCATACATCTATCCCG.1",0
"X6W_all_all_GCATGATTCGTAGGTT.1",0
"X6W_all_all_GCATGTAAGCGTGAAC.1",1
"X6W_all_all_GCCAAATCAGTAAGCG.1",1
"X6W_all_all_GCCAAATTCTCAAACG.1",0
"X6W_all_all_GCGAGAACACGTAAGG.1",0
"X6W_all_all_GCGAGAACACGTTGGC.1",0
"X6W_all_all_GCGAGAACATGCAACT.1",0
"X6W_all_all_GCGCAACAGCGTTTAC.1",0
"X6W_all_all_GCGCAACCAAGCCATT.1",1
"X6W_all_all_GCGCCAAAGATGGGTC.1",1
"X6W_all_all_GCGGGTTGTGTAACGG.1",0
"X6W_all_all_GCGGGTTTCGCGTAGC.1",1
"X6W_all_all_GCTCCTAAGTTAAGTG.1",0
"X6W_all_all_GCTCCTATCAGCCTAA.1",0
"X6W_all_all_GCTCTGTCATCCAACA.1",0
"X6W_all_all_GCTCTGTTCCAGATCA.1",0
"X6W_all_all_GCTGCTTAGACGCTTT.1",0
"X6W_all_all_GCTGCTTTCTAACTCT.1",0
"X6W_all_all_GCTGGGTAGGGATCTG.1",0
"X6W_all_all_GCTGGGTTCGTGACAT.1",0
"X6W_all_all_GCTTGAAGTAGTACCT.1",0
"X6W_all_all_GGACAGAAGGTGACCA.1",0
"X6W_all_all_GGACAGACACGTGAGA.1",0
"X6W_all_all_GGACATTAGCTAGGCA.1",0
"X6W_all_all_GGACGTCTCTGCAGTA.1",0
"X6W_all_all_GGATGTTCACTTCTGC.1",0
"X6W_all_all_GGATTACCAGCTCGCA.1",0
"X6W_all_all_GGATTACTCTCTGTCG.1",0
"X6W_all_all_GGCAATTTCCACGACG.1",0
"X6W_all_all_GGCCGATAGATCTGCT.1",0
"X6W_all_all_GGCCGATGTGTAACGG.1",0
"X6W_all_all_GGCCGATTCGGAGCAA.1",0
"X6W_all_all_GGCGACTAGTGAATTG.1",0
"X6W_all_all_GGCGACTCAAGTAATG.1",1
"X6W_all_all_GGCGTGTTCAGAGGTG.1",0
"X6W_all_all_GGCTCGAAGATAGCAT.1",1
"X6W_all_all_GGCTCGAAGGTGTGGT.1",0
"X6W_all_all_GGCTGGTAGAGTCTGG.1",0
"X6W_all_all_GGCTGGTTCACAACGT.1",1
"X6W_all_all_GGGAGATTCCAATGGT.1",0
"X6W_all_all_GGGCACTTCGTCCGTT.1",0
"X6W_all_all_GGGCACTTCTGTTTGT.1",0
"X6W_all_all_GGGTCTGCACCAGGCT.1",1
"X6W_all_all_GGTATTGTCAGCTTAG.1",1
"X6W_all_all_GGTGCGTCACCCATGG.1",0
"X6W_all_all_GTACGTATCAATACCG.1",0
"X6W_all_all_GTACTTTTCACTTATC.1",0
"X6W_all_all_GTAGTCAAGATCTGAA.1",0
"X6W_all_all_GTATCTTAGCCATCGC.1",0
"X6W_all_all_GTATTCTAGGACCACA.1",0
"X6W_all_all_GTCACAAGTGGTGTAG.1",1
"X6W_all_all_GTCACGGTCCTTTACA.1",0
"X6W_all_all_GTCCTCACATCGATGT.1",1
"X6W_all_all_GTCTCGTTCTCGATGA.1",1
"X6W_all_all_GTGAAGGGTCGGCTCA.1",0
"X6W_all_all_GTGAAGGGTTCCGGCA.1",0
"X6W_all_all_GTGCAGCTCACCAGGC.1",0
"X6W_all_all_GTGCATAGTACGCTGC.1",0
"X6W_all_all_GTGCTTCAGAAACCTA.1",0
"X6W_all_all_GTGTTAGGTCTAAAGA.1",0
"X6W_all_all_GTGTTAGTCGTCCAGG.1",0
"X6W_all_all_GTTAAGCAGAACTCGG.1",0
"X6W_all_all_GTTAAGCCAAGCTGTT.1",0
"X6W_all_all_GTTAAGCGTCCCGACA.1",0
"X6W_all_all_TAAGAGAAGTTTAGGA.1",0
"X6W_all_all_TAAGAGAGTGTCCTCT.1",0
"X6W_all_all_TAAGAGATCGACCAGC.1",0
"X6W_all_all_TAAGCGTCACGCGAAA.1",0
"X6W_all_all_TACCTATGTACCCAAT.1",0
"X6W_all_all_TACCTATGTAGCCTAT.1",0
"X6W_all_all_TACCTTAAGATCTGAA.1",0
"X6W_all_all_TACCTTACACACCGCA.1",0
"X6W_all_all_TACCTTAGTTTGACAC.1",0
"X6W_all_all_TACGGATGTATTCTCT.1",0
"X6W_all_all_TACGGATTCTCCCTGA.1",1
"X6W_all_all_TACGGTATCCAGTAGT.1",0
"X6W_all_all_TACGGTATCCTACAGA.1",0
"X6W_all_all_TACTCGCAGGCCCTTG.1",1
"X6W_all_all_TACTCGCGTAATTGGA.1",0
"X6W_all_all_TACTTACAGTCCATAC.1",0
"X6W_all_all_TAGAGCTCAGCTGGCT.1",0
"X6W_all_all_TAGGCATCAGCCTGTG.1",1
"X6W_all_all_TAGTGGTGTCTGCAAT.1",0
"X6W_all_all_TAGTTGGAGAACTGTA.1",0
"X6W_all_all_TATCAGGAGGCATGGT.1",0
"X6W_all_all_TATCTCAAGTGTCTCA.1",0
"X6W_all_all_TATCTCAGTAGAGCTG.1",0
"X6W_all_all_TATTACCGTAAGTAGT.1",0
"X6W_all_all_TCAATCTGTTGTACAC.1",0
"X6W_all_all_TCACGAACAACTGGCC.1",0
"X6W_all_all_TCACGAACAGAAGCAC.1",0
"X6W_all_all_TCAGCTCCAATGTTGC.1",0
"X6W_all_all_TCAGGATAGTCATCCA.1",1
"X6W_all_all_TCATTACAGAAGGCCT.1",0
"X6W_all_all_TCCACACGTCACTTCC.1",0
"X6W_all_all_TCCACACTCTTCGGTC.1",0
"X6W_all_all_TCGAGGCAGTTGCAGG.1",1
"X6W_all_all_TCGAGGCGTGGTAACG.1",0
"X6W_all_all_TCGCGAGGTTGGACCC.1",0
"X6W_all_all_TCGCGAGTCTCGCTTG.1",0
"X6W_all_all_TCGCGTTAGAAGGGTA.1",0
"X6W_all_all_TCGCGTTAGCAGACTG.1",1
"X6W_all_all_TCGGTAATCAACTCTT.1",0
"X6W_all_all_TCGTACCTCCCAACGG.1",0
"X6W_all_all_TCTATTGCAATGGAAT.1",0
"X6W_all_all_TCTATTGCACGGTTTA.1",0
"X6W_all_all_TCTATTGGTACAGTGG.1",0
"X6W_all_all_TCTGAGACATTTCACT.1",0
"X6W_all_all_TCTGAGATCATGCATG.1",1
"X6W_all_all_TGAAAGAGTCAAAGAT.1",1
"X6W_all_all_TGACGGCAGTCTTGCA.1",0
"X6W_all_all_TGACGGCGTACCAGTT.1",0
"X6W_all_all_TGACTAGAGGAATGGA.1",0
"X6W_all_all_TGACTAGAGTGCCATT.1",0
"X6W_all_all_TGACTTTAGCTGGAAC.1",0
"X6W_all_all_TGACTTTTCCTTAATC.1",0
"X6W_all_all_TGAGAGGGTTGTTTGG.1",0
"X6W_all_all_TGAGCATTCACCAGGC.1",0
"X6W_all_all_TGAGGGAAGAAGGTGA.1",0
"X6W_all_all_TGCACCTCATTACCTT.1",0
"X6W_all_all_TGCACCTTCTCTTATG.1",0
"X6W_all_all_TGCCAAATCAGCGACC.1",0
"X6W_all_all_TGCCCATCACGTTGGC.1",1
"X6W_all_all_TGCCCATCAGCCTTTC.1",0
"X6W_all_all_TGCCCATTCTTACCTA.1",0
"X6W_all_all_TGCGGGTAGAGCAATT.1",0
"X6W_all_all_TGCGGGTAGGGCACTA.1",0
"X6W_all_all_TGCGTGGAGATCGGGT.1",1
"X6W_all_all_TGCTGCTGTAATTGGA.1",0
"X6W_all_all_TGCTGCTTCGCAAACT.1",0
"X6W_all_all_TGGACGCCATCGGACC.1",1
"X6W_all_all_TGGCTGGCAAGGTTTC.1",0
"X6W_all_all_TGGCTGGCAAGTCTGT.1",0
"X6W_all_all_TGGGAAGGTCGGCTCA.1",0
"X6W_all_all_TGGTTCCAGGCGATAC.1",0
"X6W_all_all_TGGTTCCTCCTGTAGA.1",1
"X6W_all_all_TGTATTCCACAGCGTC.1",0
"X6W_all_all_TGTATTCTCCACGTGG.1",0
"X6W_all_all_TGTCCCAAGATGTTAG.1",0
"X6W_all_all_TGTGGTAAGTTAGCGG.1",1
"X6W_all_all_TGTGTTTGTCCAACTA.1",0
"X6W_all_all_TGTGTTTGTGCGATAG.1",0
"X6W_all_all_TTAACTCGTCGGCATC.1",0
"X6W_all_all_TTAGGACAGTCTCAAC.1",0
"X6W_all_all_TTCCCAGCAGTCACTA.1",0
"X6W_all_all_TTCGGTCCAAGCTGGA.1",0
"X6W_all_all_TTCGGTCGTTCGTGAT.1",1
"X6W_all_all_TTCTCAACACCAGGCT.1",0
"X6W_all_all_TTCTCAACAGGTTTCA.1",0
"X6W_all_all_TTCTCCTAGACTTTCG.1",0
"X6W_all_all_TTCTTAGCATCCTTGC.1",0
"X6W_all_all_TTCTTAGGTCTAGCCG.1",0
"X6W_all_all_TTGAACGTCTTGAGGT.1",0
"X6W_all_all_TTGACTTAGCGTCAAG.1",0
"X6W_all_all_TTGCCGTAGGTGACCA.1",1
"X6W_all_all_TTGCGTCCATAGTAAG.1",0
"X6W_all_all_TTGCGTCCATTGCGGC.1",0
"X6W_all_all_TTGCGTCTCACCAGGC.1",0
"X6W_all_all_TTGGAACGTTACGCGC.1",0
"X6W_all_all_TTTATGCAGTGAAGTT.1",0
"X6W_all_all_TTTGTCATCGTTTGCC.1",0
"X8W_all_all_AAACCTGAGAGCTTCT.1",0
"X8W_all_all_AAACCTGAGCGTTTAC.1",0
"X8W_all_all_AAACCTGTCCGATATG.1",0
"X8W_all_all_AAACGGGTCTAACTGG.1",0
"X8W_all_all_AAAGATGAGCAATATG.1",0
"X8W_all_all_AAAGATGGTGTAAGTA.1",0
"X8W_all_all_AAAGATGTCAAGATCC.1",2
"X8W_all_all_AAAGATGTCGAGCCCA.1",0
"X8W_all_all_AAAGCAAGTAAGCACG.1",0
"X8W_all_all_AAAGTAGGTTCCGGCA.1",0
"X8W_all_all_AAATGCCAGAAGGTGA.1",0
"X8W_all_all_AAATGCCTCCTCTAGC.1",0
"X8W_all_all_AACACGTGTCTAACGT.1",1
"X8W_all_all_AACCATGCAGACAGGT.1",1
"X8W_all_all_AACCATGGTGGTGTAG.1",1
"X8W_all_all_AACCATGTCAAGGCTT.1",1
"X8W_all_all_AACCATGTCGATGAGG.1",1
"X8W_all_all_AACTCAGCAGACACTT.1",1
"X8W_all_all_AACTCAGGTCCGAACC.1",0
"X8W_all_all_AACTCCCAGACTTGAA.1",2
"X8W_all_all_AACTCCCCAATCGGTT.1",1
"X8W_all_all_AACTCCCTCGGATGTT.1",1
"X8W_all_all_AACTCTTCACGAGGTA.1",0
"X8W_all_all_AACTCTTTCTCTAAGG.1",0
"X8W_all_all_AACTGGTAGGGATACC.1",0
"X8W_all_all_AACTGGTCAGGTCTCG.1",0
"X8W_all_all_AACTTTCAGACTGGGT.1",1
"X8W_all_all_AACTTTCAGGTAAACT.1",0
"X8W_all_all_AACTTTCCATGGTTGT.1",1
"X8W_all_all_AACTTTCGTCTTGTCC.1",0
"X8W_all_all_AAGACCTGTATTAGCC.1",0
"X8W_all_all_AAGCCGCCAAGTAATG.1",2
"X8W_all_all_AAGCCGCTCAGAGGTG.1",0
"X8W_all_all_AAGGAGCCACGAGAGT.1",0
"X8W_all_all_AAGGCAGCAATGGTCT.1",1
"X8W_all_all_AAGGCAGGTACTCAAC.1",1
"X8W_all_all_AAGTCTGAGCGTTGCC.1",0
"X8W_all_all_AAGTCTGAGGTGCAAC.1",2
"X8W_all_all_AAGTCTGGTATCAGTC.1",1
"X8W_all_all_AAGTCTGGTTCGTGAT.1",0
"X8W_all_all_AATCCAGAGAGGTACC.1",0
"X8W_all_all_AATCCAGCAAGGGTCA.1",1
"X8W_all_all_AATCCAGTCAATAAGG.1",0
"X8W_all_all_AATCCAGTCTTTACGT.1",1
"X8W_all_all_AATCGGTAGGGCTTCC.1",2
"X8W_all_all_AATCGGTCAAACGCGA.1",2
"X8W_all_all_ACACCAATCAAGATCC.1",0
"X8W_all_all_ACACCCTTCGTGGACC.1",0
"X8W_all_all_ACACTGAAGTACCGGA.1",0
"X8W_all_all_ACAGCCGTCACAAACC.1",0
"X8W_all_all_ACAGCCGTCAGCTCTC.1",0
"X8W_all_all_ACAGCCGTCTCTAAGG.1",1
"X8W_all_all_ACAGCTACAGACAAAT.1",0
"X8W_all_all_ACAGCTAGTCACTGGC.1",0
"X8W_all_all_ACATACGTCGAGGTAG.1",0
"X8W_all_all_ACATCAGAGAACAACT.1",0
"X8W_all_all_ACATCAGGTACTCAAC.1",1
"X8W_all_all_ACATGGTAGCTATGCT.1",0
"X8W_all_all_ACATGGTCACATAACC.1",2
"X8W_all_all_ACATGGTCACCAGGTC.1",0
"X8W_all_all_ACATGGTGTTTGACTG.1",0
"X8W_all_all_ACCAGTAAGTTCGATC.1",0
"X8W_all_all_ACCAGTATCAGCTGGC.1",0
"X8W_all_all_ACCCACTGTTCGAATC.1",0
"X8W_all_all_ACCGTAACACATTAGC.1",2
"X8W_all_all_ACCGTAATCTCTTGAT.1",0
"X8W_all_all_ACCGTAATCTGAGGGA.1",1
"X8W_all_all_ACCTTTACACGTCTCT.1",0
"X8W_all_all_ACCTTTACATGCCCGA.1",2
"X8W_all_all_ACCTTTATCTTTACGT.1",1
"X8W_all_all_ACGAGCCGTAACGACG.1",0
"X8W_all_all_ACGATACGTATCGCAT.1",1
"X8W_all_all_ACGATACGTGTGTGCC.1",0
"X8W_all_all_ACGATACTCCAGAAGG.1",0
"X8W_all_all_ACGATGTCATGTAAGA.1",0
"X8W_all_all_ACGCAGCAGTGTACTC.1",2
"X8W_all_all_ACGCCGATCTAACCGA.1",1
"X8W_all_all_ACGGAGAGTCTTCAAG.1",1
"X8W_all_all_ACGGAGATCACATACG.1",0
"X8W_all_all_ACGGAGATCCACGACG.1",0
"X8W_all_all_ACGGAGATCGGAGGTA.1",0
"X8W_all_all_ACGGAGATCGTACGGC.1",0
"X8W_all_all_ACGGGCTCAATAGAGT.1",1
"X8W_all_all_ACGGGCTCAGACAGGT.1",0
"X8W_all_all_ACGGGCTCATAACCTG.1",0
"X8W_all_all_ACGGGTCGTCCAAGTT.1",2
"X8W_all_all_ACTATCTAGTTAGGTA.1",2
"X8W_all_all_ACTATCTGTCATCCCT.1",1
"X8W_all_all_ACTGAACAGTTATCGC.1",2
"X8W_all_all_ACTGAACGTCCGCTGA.1",2
"X8W_all_all_ACTGAACGTCTAGGTT.1",0
"X8W_all_all_ACTGAGTCAGATGGCA.1",0
"X8W_all_all_ACTGAGTCAGATTGCT.1",0
"X8W_all_all_ACTGAGTGTGGCAAAC.1",2
"X8W_all_all_ACTGAGTGTGTGACGA.1",1
"X8W_all_all_ACTGATGAGATAGTCA.1",0
"X8W_all_all_ACTGATGAGTCATCCA.1",0
"X8W_all_all_ACTGATGAGTGTGAAT.1",1
"X8W_all_all_ACTGATGCAGAGCCAA.1",1
"X8W_all_all_ACTGATGGTATAGGGC.1",1
"X8W_all_all_ACTGATGGTTCGTGAT.1",2
"X8W_all_all_ACTGATGTCTCCAACC.1",2
"X8W_all_all_ACTGCTCAGTGGAGTC.1",0
"X8W_all_all_ACTGCTCGTAGCTCCG.1",0
"X8W_all_all_ACTGCTCGTAGGAGTC.1",0
"X8W_all_all_ACTGCTCGTCACACGC.1",0
"X8W_all_all_ACTGCTCGTCTTCAAG.1",2
"X8W_all_all_ACTGTCCGTCCGAACC.1",0
"X8W_all_all_ACTTACTCAAGGGTCA.1",2
"X8W_all_all_ACTTACTTCTCCGGTT.1",0
"X8W_all_all_ACTTGTTAGCGATCCC.1",0
"X8W_all_all_ACTTGTTTCGAATGGG.1",2
"X8W_all_all_ACTTTCAAGACAGGCT.1",0
"X8W_all_all_ACTTTCACATGTCCTC.1",2
"X8W_all_all_ACTTTCATCATGTCCC.1",2
"X8W_all_all_AGAATAGAGTGAACGC.1",0
"X8W_all_all_AGAATAGGTAAATGAC.1",1
"X8W_all_all_AGACGTTGTCAAGCGA.1",0
"X8W_all_all_AGACGTTGTCGATTGT.1",0
"X8W_all_all_AGACGTTTCCTGCTTG.1",1
"X8W_all_all_AGAGCGACAACTGCGC.1",2
"X8W_all_all_AGAGCGACAGCCTTGG.1",0
"X8W_all_all_AGAGCGACATCTACGA.1",1
"X8W_all_all_AGAGCTTGTTTGTGTG.1",0
"X8W_all_all_AGAGTGGCAATGAAAC.1",0
"X8W_all_all_AGAGTGGGTTCGGGCT.1",0
"X8W_all_all_AGATCTGGTCTTCTCG.1",1
"X8W_all_all_AGATTGCAGATGGGTC.1",1
"X8W_all_all_AGATTGCCACCGAATT.1",0
"X8W_all_all_AGCAGCCCAATAGCGG.1",0
"X8W_all_all_AGCAGCCGTGTTGGGA.1",1
"X8W_all_all_AGCAGCCTCTACTATC.1",0
"X8W_all_all_AGCATACTCACGATGT.1",2
"X8W_all_all_AGCATACTCAGCAACT.1",1
"X8W_all_all_AGCATACTCATCGGAT.1",0
"X8W_all_all_AGCGGTCAGACAAGCC.1",0
"X8W_all_all_AGCGGTCGTCATATGC.1",0
"X8W_all_all_AGCGTATAGTCATCCA.1",0
"X8W_all_all_AGCGTATGTAAGTAGT.1",0
"X8W_all_all_AGCTCCTCAAGTTCTG.1",0
"X8W_all_all_AGCTCCTGTCACTTCC.1",1
"X8W_all_all_AGCTCCTTCGGATGTT.1",1
"X8W_all_all_AGCTCCTTCTTACCTA.1",0
"X8W_all_all_AGCTCTCAGTTGAGTA.1",0
"X8W_all_all_AGCTCTCCAACACCCG.1",0
"X8W_all_all_AGGCCACAGAGTGAGA.1",0
"X8W_all_all_AGGCCACTCAGGATCT.1",0
"X8W_all_all_AGGCCGTAGACAAAGG.1",0
"X8W_all_all_AGGCCGTCAAGTTAAG.1",1
"X8W_all_all_AGGGAGTCATTCACTT.1",0
"X8W_all_all_AGGGATGAGAAACGCC.1",2
"X8W_all_all_AGGGTGAAGGGAACGG.1",0
"X8W_all_all_AGGTCATCATCGATGT.1",1
"X8W_all_all_AGGTCCGAGACATAAC.1",0
"X8W_all_all_AGGTCCGAGCTGGAAC.1",0
"X8W_all_all_AGGTCCGGTTGCGCAC.1",0
"X8W_all_all_AGTCTTTAGTTATCGC.1",0
"X8W_all_all_AGTGAGGCATATGCTG.1",0
"X8W_all_all_AGTGAGGGTGTCAATC.1",0
"X8W_all_all_AGTGGGAGTACAGTTC.1",0
"X8W_all_all_AGTGTCAAGAGCTATA.1",2
"X8W_all_all_AGTTGGTTCGACCAGC.1",1
"X8W_all_all_ATAACGCAGAGTACCG.1",1
"X8W_all_all_ATAACGCTCAAAGACA.1",2
"X8W_all_all_ATAAGAGAGCTGAAAT.1",1
"X8W_all_all_ATAAGAGAGTAAGTAC.1",2
"X8W_all_all_ATAAGAGGTACTTGAC.1",2
"X8W_all_all_ATAAGAGTCTTACCTA.1",1
"X8W_all_all_ATCATCTCACAGACAG.1",0
"X8W_all_all_ATCATGGAGGAATCGC.1",2
"X8W_all_all_ATCCACCGTACTTAGC.1",0
"X8W_all_all_ATCCACCGTATATGGA.1",1
"X8W_all_all_ATCCACCGTCGAATCT.1",0
"X8W_all_all_ATCCGAAAGTCTCGGC.1",2
"X8W_all_all_ATCCGAAGTTCGAATC.1",2
"X8W_all_all_ATCCGAATCTTGGGTA.1",0
"X8W_all_all_ATCGAGTCACCGAATT.1",0
"X8W_all_all_ATCGAGTGTAACGTTC.1",0
"X8W_all_all_ATCTACTAGGATGTAT.1",1
"X8W_all_all_ATCTACTCAAGTCATC.1",0
"X8W_all_all_ATCTGCCAGAGGTTAT.1",0
"X8W_all_all_ATCTGCCTCCTAGGGC.1",0
"X8W_all_all_ATGAGGGAGTTAAGTG.1",0
"X8W_all_all_ATGAGGGTCTGGTATG.1",0
"X8W_all_all_ATGCGATTCTGGCGAC.1",1
"X8W_all_all_ATGGGAGCACGAGGTA.1",0
"X8W_all_all_ATGTGTGGTCTTCTCG.1",0
"X8W_all_all_ATGTGTGGTGCTGTAT.1",0
"X8W_all_all_ATTACTCAGCTTATCG.1",1
"X8W_all_all_ATTACTCGTGAAGGCT.1",2
"X8W_all_all_ATTACTCGTTAGATGA.1",1
"X8W_all_all_ATTACTCTCCGTAGGC.1",0
"X8W_all_all_ATTGGACTCTTGAGGT.1",0
"X8W_all_all_ATTGGTGGTCTGATTG.1",0
"X8W_all_all_CAACCAATCATCGCTC.1",0
"X8W_all_all_CAACCTCCAGTCAGAG.1",1
"X8W_all_all_CAACCTCGTTTGTTGG.1",0
"X8W_all_all_CAACCTCTCGACCAGC.1",2
"X8W_all_all_CAACTAGTCAACGAAA.1",0
"X8W_all_all_CAAGAAACACACATGT.1",0
"X8W_all_all_CAAGATCAGAGTGACC.1",0
"X8W_all_all_CAAGATCAGTATTGGA.1",2
"X8W_all_all_CAAGATCTCAATCACG.1",0
"X8W_all_all_CAAGATCTCGGAATCT.1",0
"X8W_all_all_CAAGATCTCTGGCGAC.1",2
"X8W_all_all_CAAGGCCGTGCAGACA.1",1
"X8W_all_all_CAAGTTGCACCTTGTC.1",2
"X8W_all_all_CAAGTTGGTCCTCTTG.1",2
"X8W_all_all_CACAAACAGAGCTTCT.1",0
"X8W_all_all_CACACAAAGAGTGAGA.1",0
"X8W_all_all_CACACAAAGCCCGAAA.1",0
"X8W_all_all_CACACAATCAGAGACG.1",0
"X8W_all_all_CACACCTCAGACGCTC.1",1
"X8W_all_all_CACACCTGTGTTAAGA.1",0
"X8W_all_all_CACACCTTCGCCGTGA.1",0
"X8W_all_all_CACACCTTCGGAAATA.1",0
"X8W_all_all_CACACCTTCGTGGGAA.1",0
"X8W_all_all_CACACTCAGTGGAGTC.1",0
"X8W_all_all_CACAGGCGTACTTCTT.1",2
"X8W_all_all_CACAGTATCGGTCCGA.1",0
"X8W_all_all_CACAGTATCTCTTGAT.1",1
"X8W_all_all_CACATAGAGTACTTGC.1",0
"X8W_all_all_CACATAGCAGCTGTTA.1",0
"X8W_all_all_CACATAGTCAACACAC.1",1
"X8W_all_all_CACCACTGTATATCCG.1",0
"X8W_all_all_CACCAGGAGAGTCTGG.1",2
"X8W_all_all_CACCAGGCACATCCGG.1",2
"X8W_all_all_CACCTTGCATGGATGG.1",0
"X8W_all_all_CACCTTGGTTCGCTAA.1",1
"X8W_all_all_CACCTTGTCTTTAGTC.1",1
"X8W_all_all_CAGAGAGAGTTCGCAT.1",0
"X8W_all_all_CAGAGAGGTCATCGGC.1",0
"X8W_all_all_CAGATCAGTAGGGACT.1",1
"X8W_all_all_CAGCAGCCAAGGACAC.1",1
"X8W_all_all_CAGCAGCTCGCCATAA.1",1
"X8W_all_all_CAGCATAAGACGCACA.1",0
"X8W_all_all_CAGCATAGTTAAGAAC.1",0
"X8W_all_all_CAGCCGACATTGGGCC.1",1
"X8W_all_all_CAGCCGAGTATCTGCA.1",1
"X8W_all_all_CAGCCGATCCAAATGC.1",2
"X8W_all_all_CAGCCGATCGCTTAGA.1",2
"X8W_all_all_CAGCGACAGTCATGCT.1",0
"X8W_all_all_CAGCGACAGTGACTCT.1",0
"X8W_all_all_CAGCGACCACCAGTTA.1",2
"X8W_all_all_CAGCGACGTCGCGGTT.1",0
"X8W_all_all_CAGCTAATCATGTGGT.1",0
"X8W_all_all_CAGCTGGCATCGGGTC.1",1
"X8W_all_all_CAGGTGCAGGACTGGT.1",2
"X8W_all_all_CAGGTGCCATCCGTGG.1",0
"X8W_all_all_CAGTAACAGGGAGTAA.1",2
"X8W_all_all_CAGTAACCAATAGCGG.1",0
"X8W_all_all_CAGTAACTCTACCTGC.1",2
"X8W_all_all_CAGTCCTAGCCAGAAC.1",2
"X8W_all_all_CAGTCCTAGTCTTGCA.1",0
"X8W_all_all_CATATGGCAGACAAAT.1",0
"X8W_all_all_CATATGGCAGTGAGTG.1",2
"X8W_all_all_CATATGGTCCTAGAAC.1",1
"X8W_all_all_CATATGGTCCTTGACC.1",0
"X8W_all_all_CATATTCGTCGGCTCA.1",1
"X8W_all_all_CATCAAGGTCCGTCAG.1",1
"X8W_all_all_CATCAAGGTGAAAGAG.1",1
"X8W_all_all_CATCAAGTCGGTCCGA.1",1
"X8W_all_all_CATCAAGTCTTGCAAG.1",2
"X8W_all_all_CATCAGACAGTTAACC.1",2
"X8W_all_all_CATCCACCAAGCCGTC.1",1
"X8W_all_all_CATCGAACAATGCCAT.1",1
"X8W_all_all_CATCGAACACATTTCT.1",0
"X8W_all_all_CATCGGGCACCTCGGA.1",0
"X8W_all_all_CATCGGGCAGATCCAT.1",0
"X8W_all_all_CATCGGGGTATGAATG.1",0
"X8W_all_all_CATCGGGTCCTAGGGC.1",2
"X8W_all_all_CATGACAAGTCTCAAC.1",0
"X8W_all_all_CATGACACACGAGGTA.1",2
"X8W_all_all_CATGACACATGCTAGT.1",0
"X8W_all_all_CATGACAGTAGAAAGG.1",2
"X8W_all_all_CATGACAGTTACCGAT.1",2
"X8W_all_all_CATGCCTGTTGCGTTA.1",0
"X8W_all_all_CATGCCTTCTGCGTAA.1",0
"X8W_all_all_CATGGCGAGGCTAGAC.1",0
"X8W_all_all_CATGGCGCACGCTTTC.1",1
"X8W_all_all_CATTATCGTAGAGGAA.1",2
"X8W_all_all_CATTATCGTATAATGG.1",1
"X8W_all_all_CATTATCGTCGACTGC.1",0
"X8W_all_all_CATTCGCAGAATTCCC.1",0
"X8W_all_all_CATTCGCCACGCATCG.1",0
"X8W_all_all_CATTCGCGTATTACCG.1",0
"X8W_all_all_CATTCGCGTGATAAAC.1",0
"X8W_all_all_CATTCGCGTGCCTGTG.1",0
"X8W_all_all_CATTCGCTCTCAAGTG.1",1
"X8W_all_all_CCAATCCAGCCAGGAT.1",0
"X8W_all_all_CCAATCCCACTTGGAT.1",0
"X8W_all_all_CCACCTACAATCCAAC.1",1
"X8W_all_all_CCACCTAGTGTGGTTT.1",2
"X8W_all_all_CCACCTATCGGTCCGA.1",0
"X8W_all_all_CCACTACCATCCAACA.1",2
"X8W_all_all_CCACTACCATGCCACG.1",2
"X8W_all_all_CCACTACTCATGTAGC.1",0
"X8W_all_all_CCAGCGAAGAACAATC.1",0
"X8W_all_all_CCAGCGATCACGACTA.1",0
"X8W_all_all_CCCAATCTCCTCGCAT.1",0
"X8W_all_all_CCCAGTTCACAGCCCA.1",0
"X8W_all_all_CCCAGTTCATTGGCGC.1",0
"X8W_all_all_CCCAGTTGTTACGTCA.1",0
"X8W_all_all_CCCTCCTAGGCATGTG.1",0
"X8W_all_all_CCGGGATGTCACAAGG.1",1
"X8W_all_all_CCGGGATTCTGCAAGT.1",0
"X8W_all_all_CCGGTAGCACAAGCCC.1",1
"X8W_all_all_CCGGTAGTCCGAAGAG.1",1
"X8W_all_all_CCGTGGAAGATCCCAT.1",1
"X8W_all_all_CCGTGGACAACAACCT.1",1
"X8W_all_all_CCGTGGAGTTCCACAA.1",2
"X8W_all_all_CCGTTCAAGTCCGGTC.1",0
"X8W_all_all_CCGTTCACAATAACGA.1",0
"X8W_all_all_CCGTTCACAATGCCAT.1",0
"X8W_all_all_CCGTTCATCCTGCAGG.1",1
"X8W_all_all_CCTAAAGCAACTGGCC.1",0
"X8W_all_all_CCTAAAGTCTCCAGGG.1",0
"X8W_all_all_CCTACACAGTGTCCAT.1",0
"X8W_all_all_CCTACACAGTGTCCCG.1",1
"X8W_all_all_CCTACACAGTTACGGG.1",0
"X8W_all_all_CCTACACGTGTCGCTG.1",1
"X8W_all_all_CCTACACGTTACGCGC.1",0
"X8W_all_all_CCTACACTCTGGAGCC.1",2
"X8W_all_all_CCTACCAGTCTTTCAT.1",0
"X8W_all_all_CCTACCATCAACGGCC.1",2
"X8W_all_all_CCTAGCTTCAGAGCTT.1",0
"X8W_all_all_CCTAGCTTCGTCCAGG.1",1
"X8W_all_all_CCTCAGTAGAAACCAT.1",0
"X8W_all_all_CCTCTGAAGCACCGCT.1",0
"X8W_all_all_CCTCTGACATCATCCC.1",1
"X8W_all_all_CCTCTGATCAGCATGT.1",0
"X8W_all_all_CCTTACGGTAATAGCA.1",2
"X8W_all_all_CCTTACGGTATCTGCA.1",0
"X8W_all_all_CCTTCCCTCCTCGCAT.1",0
"X8W_all_all_CCTTCCCTCTGGTATG.1",0
"X8W_all_all_CCTTCCCTCTTGTACT.1",0
"X8W_all_all_CCTTCGAAGGTTCCTA.1",0
"X8W_all_all_CCTTCGACATTCCTCG.1",1
"X8W_all_all_CCTTCGATCAAACGGG.1",0
"X8W_all_all_CCTTTCTAGAAGGGTA.1",0
"X8W_all_all_CCTTTCTCAGGTCGTC.1",2
"X8W_all_all_CGAACATAGACTTTCG.1",0
"X8W_all_all_CGAACATTCTGACCTC.1",0
"X8W_all_all_CGAATGTGTGATGATA.1",0
"X8W_all_all_CGAATGTTCATCGATG.1",0
"X8W_all_all_CGAATGTTCTAACTGG.1",0
"X8W_all_all_CGACCTTAGCGAAGGG.1",0
"X8W_all_all_CGACCTTTCTAACTTC.1",0
"X8W_all_all_CGACCTTTCTCTGCTG.1",0
"X8W_all_all_CGACTTCAGACGACGT.1",0
"X8W_all_all_CGACTTCCATCACGTA.1",0
"X8W_all_all_CGACTTCGTGAGTGAC.1",0
"X8W_all_all_CGAGAAGAGTTAAGTG.1",1
"X8W_all_all_CGAGCACCAAGCTGAG.1",2
"X8W_all_all_CGAGCCACAAGTTGTC.1",0
"X8W_all_all_CGAGCCATCAGTTCGA.1",2
"X8W_all_all_CGAGCCATCTAACTTC.1",0
"X8W_all_all_CGATCGGAGAATGTTG.1",2
"X8W_all_all_CGATGGCAGCCAGAAC.1",0
"X8W_all_all_CGATGGCCAGGTGCCT.1",0
"X8W_all_all_CGATGTACACAGAGGT.1",0
"X8W_all_all_CGATGTACAGACAAAT.1",0
"X8W_all_all_CGATGTATCACTTATC.1",1
"X8W_all_all_CGCCAAGCAGTCCTTC.1",0
"X8W_all_all_CGCCAAGGTCCATCCT.1",0
"X8W_all_all_CGCGGTAGTGAGGGTT.1",2
"X8W_all_all_CGCGTTTCACGGCGTT.1",0
"X8W_all_all_CGCGTTTGTTTGGGCC.1",2
"X8W_all_all_CGCGTTTTCCTAGTGA.1",0
"X8W_all_all_CGCTATCAGATGGCGT.1",0
"X8W_all_all_CGCTATCCACCGCTAG.1",2
"X8W_all_all_CGCTATCGTCGACTAT.1",0
"X8W_all_all_CGCTATCGTGAAAGAG.1",0
"X8W_all_all_CGCTGGACAAGTCATC.1",0
"X8W_all_all_CGCTGGATCAGCAACT.1",2
"X8W_all_all_CGCTGGATCTCTAAGG.1",0
"X8W_all_all_CGCTTCATCTTGTACT.1",0
"X8W_all_all_CGGACACCAATGACCT.1",2
"X8W_all_all_CGGACACGTTCGTTGA.1",1
"X8W_all_all_CGGACGTTCCACTCCA.1",0
"X8W_all_all_CGGAGCTAGCTGAAAT.1",0
"X8W_all_all_CGGAGCTGTCCGTTAA.1",0
"X8W_all_all_CGGAGCTGTTGCCTCT.1",0
"X8W_all_all_CGGAGTCAGAAGGCCT.1",2
"X8W_all_all_CGGAGTCTCTGGTGTA.1",1
"X8W_all_all_CGGCTAGAGAGTACCG.1",1
"X8W_all_all_CGGGTCATCATCACCC.1",0
"X8W_all_all_CGGTTAACACGGTGTC.1",0
"X8W_all_all_CGGTTAACATTCCTCG.1",2
"X8W_all_all_CGGTTAATCGCGCCAA.1",2
"X8W_all_all_CGTAGCGCATATGGTC.1",1
"X8W_all_all_CGTAGCGGTAATTGGA.1",1
"X8W_all_all_CGTAGGCAGTAGGCCA.1",1
"X8W_all_all_CGTAGGCCATATACCG.1",1
"X8W_all_all_CGTAGGCGTAGCGCAA.1",1
"X8W_all_all_CGTAGGCGTCATATGC.1",0
"X8W_all_all_CGTCACTCAAGGGTCA.1",0
"X8W_all_all_CGTCAGGAGCGATGAC.1",1
"X8W_all_all_CGTCAGGAGGCCCTTG.1",2
"X8W_all_all_CGTCCATAGAGCAATT.1",0
"X8W_all_all_CGTCTACAGCACACAG.1",0
"X8W_all_all_CGTCTACCAAGCGATG.1",1
"X8W_all_all_CGTCTACGTTAAGTAG.1",0
"X8W_all_all_CGTCTACTCCACTCCA.1",1
"X8W_all_all_CGTGAGCAGAGGGCTT.1",0
"X8W_all_all_CGTGTAAAGTACGCCC.1",0
"X8W_all_all_CGTGTAACATACCATG.1",2
"X8W_all_all_CGTGTAATCGCAAACT.1",0
"X8W_all_all_CGTGTCTAGAGGTACC.1",2
"X8W_all_all_CGTGTCTAGATTACCC.1",1
"X8W_all_all_CGTTAGATCCTCAACC.1",0
"X8W_all_all_CGTTCTGAGAAAGTGG.1",0
"X8W_all_all_CGTTCTGGTGTAACGG.1",0
"X8W_all_all_CGTTGGGAGATGCCAG.1",2
"X8W_all_all_CGTTGGGGTACCAGTT.1",0
"X8W_all_all_CTAACTTCAGGTCTCG.1",1
"X8W_all_all_CTAACTTGTAAAGGAG.1",1
"X8W_all_all_CTAACTTGTAAGTTCC.1",1
"X8W_all_all_CTAACTTTCGTTACAG.1",0
"X8W_all_all_CTAAGACGTGCCTGTG.1",2
"X8W_all_all_CTAATGGTCGCCTGTT.1",2
"X8W_all_all_CTACACCAGTTAGCGG.1",2
"X8W_all_all_CTACACCTCAGGCGAA.1",0
"X8W_all_all_CTACATTCAGTCGTGC.1",0
"X8W_all_all_CTACATTCAGTCTTCC.1",1
"X8W_all_all_CTACATTCATGACGGA.1",0
"X8W_all_all_CTACCCAGTGCCTGCA.1",0
"X8W_all_all_CTAGAGTTCTGTCAAG.1",0
"X8W_all_all_CTAGCCTAGCTGAACG.1",0
"X8W_all_all_CTAGCCTAGGGCTCTC.1",0
"X8W_all_all_CTAGCCTGTAGATTAG.1",0
"X8W_all_all_CTAGCCTGTATAAACG.1",0
"X8W_all_all_CTAGTGAAGAAGGTGA.1",0
"X8W_all_all_CTAGTGACACGACTCG.1",0
"X8W_all_all_CTCACACTCATCATTC.1",0
"X8W_all_all_CTCAGAAGTCCTGCTT.1",2
"X8W_all_all_CTCATTACAGTCCTTC.1",0
"X8W_all_all_CTCATTAGTAGAGGAA.1",0
"X8W_all_all_CTCATTATCCGAACGC.1",1
"X8W_all_all_CTCCTAGCACCAGCAC.1",2
"X8W_all_all_CTCCTAGCAGTCAGAG.1",0
"X8W_all_all_CTCCTAGTCAGCACAT.1",1
"X8W_all_all_CTCCTAGTCTAACTGG.1",0
"X8W_all_all_CTCGAAACATAAGACA.1",0
"X8W_all_all_CTCGAAATCTGATTCT.1",2
"X8W_all_all_CTCGAGGGTACTCTCC.1",0
"X8W_all_all_CTCGGAGGTCTAACGT.1",1
"X8W_all_all_CTCGGAGGTCTGCAAT.1",1
"X8W_all_all_CTCGGGAGTTCCTCCA.1",2
"X8W_all_all_CTCGGGATCCACGTTC.1",0
"X8W_all_all_CTCGTACCATCGGACC.1",0
"X8W_all_all_CTCGTACGTCACTTCC.1",0
"X8W_all_all_CTCGTACTCACAACGT.1",0
"X8W_all_all_CTCTAATAGAAGAAGC.1",0
"X8W_all_all_CTCTAATTCTTTCCTC.1",1
"X8W_all_all_CTCTACGTCAGTACGT.1",1
"X8W_all_all_CTCTGGTAGCCTATGT.1",0
"X8W_all_all_CTCTGGTAGCGTTCCG.1",0
"X8W_all_all_CTCTGGTAGTACGCGA.1",0
"X8W_all_all_CTCTGGTGTCTGCAAT.1",0
"X8W_all_all_CTGAAGTCATAGAAAC.1",0
"X8W_all_all_CTGATCCAGCAGGCTA.1",1
"X8W_all_all_CTGATCCAGGGTGTGT.1",0
"X8W_all_all_CTGATCCGTAGCGTGA.1",1
"X8W_all_all_CTGATCCTCGAGGTAG.1",0
"X8W_all_all_CTGCCTAAGCCCGAAA.1",0
"X8W_all_all_CTGCCTACACGGTTTA.1",2
"X8W_all_all_CTGCCTAGTTATCACG.1",0
"X8W_all_all_CTGCCTATCTTCAACT.1",0
"X8W_all_all_CTGCTGTCACCGGAAA.1",2
"X8W_all_all_CTGCTGTGTCTCTTTA.1",0
"X8W_all_all_CTGCTGTTCAGGCGAA.1",1
"X8W_all_all_CTGGTCTAGGATGGTC.1",2
"X8W_all_all_CTGGTCTAGGATGTAT.1",1
"X8W_all_all_CTGGTCTCAGCTCGCA.1",2
"X8W_all_all_CTGGTCTGTTCGTCTC.1",0
"X8W_all_all_CTGGTCTTCGGAAATA.1",2
"X8W_all_all_CTGTGCTCAAGGGTCA.1",2
"X8W_all_all_CTGTGCTCAGTAAGAT.1",0
"X8W_all_all_CTGTGCTTCAACCATG.1",0
"X8W_all_all_CTGTTTAAGAGGTAGA.1",0
"X8W_all_all_CTGTTTAAGAGTAAGG.1",0
"X8W_all_all_CTGTTTATCGCGATCG.1",0
"X8W_all_all_CTTAACTGTCCCGACA.1",0
"X8W_all_all_CTTAACTGTCTTCAAG.1",0
"X8W_all_all_CTTACCGCAGTGACAG.1",2
"X8W_all_all_CTTACCGCATTGGTAC.1",0
"X8W_all_all_CTTAGGAAGATGTAAC.1",0
"X8W_all_all_CTTAGGAAGTAGCCGA.1",1
"X8W_all_all_CTTCTCTTCGATGAGG.1",0
"X8W_all_all_CTTTGCGAGCCGATTT.1",2
"X8W_all_all_CTTTGCGAGCGTTCCG.1",0
"X8W_all_all_GAAACTCCATACAGCT.1",0
"X8W_all_all_GAAACTCTCAGGCCCA.1",0
"X8W_all_all_GAAATGACATACAGCT.1",2
"X8W_all_all_GAAATGAGTACTTGAC.1",1
"X8W_all_all_GAACATCCACACCGCA.1",0
"X8W_all_all_GAACCTAAGTATGACA.1",0
"X8W_all_all_GAACCTACAGATGGCA.1",0
"X8W_all_all_GAACCTAGTCTTCAAG.1",0
"X8W_all_all_GAACGGAGTAGCTTGT.1",0
"X8W_all_all_GAACGGAGTTATCGGT.1",1
"X8W_all_all_GAAGCAGAGGACTGGT.1",1
"X8W_all_all_GAAGCAGAGGCGATAC.1",1
"X8W_all_all_GAAGCAGCACCTTGTC.1",2
"X8W_all_all_GAAGCAGTCGCTTAGA.1",0
"X8W_all_all_GAATAAGCAATTGCTG.1",0
"X8W_all_all_GAATAAGGTTAAGATG.1",0
"X8W_all_all_GAATGAAAGAGGGATA.1",0
"X8W_all_all_GAATGAACAGTGACAG.1",2
"X8W_all_all_GAATGAAGTCAAAGAT.1",2
"X8W_all_all_GACACGCAGCTTTGGT.1",2
"X8W_all_all_GACACGCAGTTAGGTA.1",0
"X8W_all_all_GACACGCCATGTCTCC.1",1
"X8W_all_all_GACACGCTCAGGATCT.1",0
"X8W_all_all_GACACGCTCCTAGTGA.1",0
"X8W_all_all_GACAGAGAGCACGCCT.1",1
"X8W_all_all_GACAGAGCAAGCCCAC.1",2
"X8W_all_all_GACAGAGGTACCATCA.1",0
"X8W_all_all_GACCAATAGGCTATCT.1",0
"X8W_all_all_GACCAATAGTTAGGTA.1",0
"X8W_all_all_GACCAATTCAACACAC.1",1
"X8W_all_all_GACGCGTAGGAATCGC.1",0
"X8W_all_all_GACGCGTAGTGATCGG.1",0
"X8W_all_all_GACGCGTGTAATCGTC.1",1
"X8W_all_all_GACGCGTGTACGCTGC.1",1
"X8W_all_all_GACGGCTAGTAAGTAC.1",2
"X8W_all_all_GACGGCTCAACACCCG.1",1
"X8W_all_all_GACGGCTGTTCCAACA.1",0
"X8W_all_all_GACGGCTTCCCAAGAT.1",0
"X8W_all_all_GACGTGCAGTGACATA.1",0
"X8W_all_all_GACGTTAAGTACGTTC.1",0
"X8W_all_all_GACGTTATCTAACTCT.1",0
"X8W_all_all_GACTAACGTCGAATCT.1",1
"X8W_all_all_GACTAACGTGTTGAGG.1",2
"X8W_all_all_GACTACACAGACGCAA.1",1
"X8W_all_all_GACTACAGTACATCCA.1",1
"X8W_all_all_GACTGCGCATGTCTCC.1",0
"X8W_all_all_GACTGCGTCCTGCTTG.1",0
"X8W_all_all_GACTGCGTCGGATGTT.1",0
"X8W_all_all_GAGCAGACAACTGCTA.1",0
"X8W_all_all_GAGGTGAAGATGTGTA.1",2
"X8W_all_all_GAGGTGATCATGTGGT.1",0
"X8W_all_all_GAGGTGATCCATTCTA.1",1
"X8W_all_all_GAGTCCGCAGACAAGC.1",2
"X8W_all_all_GATCAGTAGGAACTGC.1",1
"X8W_all_all_GATCAGTGTGTTGAGG.1",0
"X8W_all_all_GATCAGTGTTGATTGC.1",0
"X8W_all_all_GATCGATAGTAGGCCA.1",0
"X8W_all_all_GATCGATCACTATCTT.1",0
"X8W_all_all_GATCGCGAGGAGTACC.1",1
"X8W_all_all_GATCGCGTCCAGAAGG.1",1
"X8W_all_all_GATCGTATCCCACTTG.1",0
"X8W_all_all_GATCGTATCCTTGGTC.1",2
"X8W_all_all_GATCTAGGTTCGAATC.1",0
"X8W_all_all_GATGAAAAGACTGGGT.1",0
"X8W_all_all_GATGAGGAGAGGTAGA.1",2
"X8W_all_all_GATGAGGCAGTGAGTG.1",2
"X8W_all_all_GATGAGGCATAGACTC.1",0
"X8W_all_all_GATGAGGGTCATATGC.1",0
"X8W_all_all_GATGCTAAGGTGCACA.1",0
"X8W_all_all_GATTCAGCAACCGCCA.1",0
"X8W_all_all_GATTCAGGTCTTTCAT.1",0
"X8W_all_all_GCAAACTAGACTAAGT.1",1
"X8W_all_all_GCAAACTCAAGGGTCA.1",0
"X8W_all_all_GCAAACTGTAGCTTGT.1",1
"X8W_all_all_GCAAACTTCCTCAATT.1",0
"X8W_all_all_GCAATCAGTATGAAAC.1",2
"X8W_all_all_GCAATCAGTGATGATA.1",1
"X8W_all_all_GCAATCATCTTGCCGT.1",0
"X8W_all_all_GCACATAAGTCATCCA.1",0
"X8W_all_all_GCACTCTAGCCCTAAT.1",0
"X8W_all_all_GCACTCTCAGCCTTGG.1",0
"X8W_all_all_GCACTCTCATACTACG.1",0
"X8W_all_all_GCACTCTGTGCACGAA.1",2
"X8W_all_all_GCAGCCAGTAGGAGTC.1",0
"X8W_all_all_GCAGCCATCGAGAACG.1",0
"X8W_all_all_GCAGTTACAAGCGTAG.1",0
"X8W_all_all_GCAGTTATCCTCGCAT.1",1
"X8W_all_all_GCAGTTATCTCAAGTG.1",2
"X8W_all_all_GCATGCGAGATGTGGC.1",1
"X8W_all_all_GCATGCGAGCGCCTCA.1",0
"X8W_all_all_GCATGCGAGCGTTTAC.1",0
"X8W_all_all_GCATGCGCACGTGAGA.1",0
"X8W_all_all_GCATGCGTCGGTTAAC.1",1
"X8W_all_all_GCATGTAGTCACCTAA.1",1
"X8W_all_all_GCCAAATAGGTGTGGT.1",0
"X8W_all_all_GCCAAATCATTTCACT.1",0
"X8W_all_all_GCCAAATTCATTCACT.1",0
"X8W_all_all_GCCAAATTCCTCAATT.1",0
"X8W_all_all_GCCTCTAAGATCACGG.1",0
"X8W_all_all_GCCTCTAGTCTTCGTC.1",2
"X8W_all_all_GCCTCTAGTTGTTTGG.1",0
"X8W_all_all_GCCTCTATCCAGTATG.1",2
"X8W_all_all_GCGACCAGTTCCCTTG.1",2
"X8W_all_all_GCGAGAAGTAAGTGTA.1",0
"X8W_all_all_GCGAGAATCGTAGGTT.1",0
"X8W_all_all_GCGAGAATCTGATACG.1",0
"X8W_all_all_GCGCAACGTTCAGACT.1",0
"X8W_all_all_GCGCAACGTTCGCGAC.1",0
"X8W_all_all_GCGCAGTAGATCACGG.1",0
"X8W_all_all_GCGCAGTAGGAGTCTG.1",1
"X8W_all_all_GCGCAGTCAAGCCGCT.1",1
"X8W_all_all_GCGCAGTCAAGTAGTA.1",0
"X8W_all_all_GCGCAGTCAGTTCCCT.1",1
"X8W_all_all_GCGCAGTTCAGCGATT.1",1
"X8W_all_all_GCGCAGTTCGTCTGCT.1",2
"X8W_all_all_GCGCAGTTCTTCCTTC.1",0
"X8W_all_all_GCGCCAACACGGTAAG.1",0
"X8W_all_all_GCGCGATCAAACCTAC.1",2
"X8W_all_all_GCGCGATCAACCGCCA.1",0
"X8W_all_all_GCGCGATCAGACTCGC.1",0
"X8W_all_all_GCGGGTTCAGCGAACA.1",0
"X8W_all_all_GCGGGTTGTGAGTGAC.1",0
"X8W_all_all_GCTCCTAAGACAAGCC.1",0
"X8W_all_all_GCTCCTAAGTGGACGT.1",0
"X8W_all_all_GCTCCTAAGTTCCACA.1",0
"X8W_all_all_GCTCCTACAGGACGTA.1",0
"X8W_all_all_GCTCTGTAGAAGCCCA.1",0
"X8W_all_all_GCTCTGTCACGTCAGC.1",0
"X8W_all_all_GCTCTGTGTACATCCA.1",0
"X8W_all_all_GCTCTGTGTGTCCTCT.1",2
"X8W_all_all_GCTCTGTTCAGATAAG.1",0
"X8W_all_all_GCTCTGTTCTAACTTC.1",0
"X8W_all_all_GCTGCAGTCGCAAGCC.1",0
"X8W_all_all_GCTGCAGTCTGCTGTC.1",0
"X8W_all_all_GCTGCGAGTCTACCTC.1",1
"X8W_all_all_GCTGCTTGTCTCTTTA.1",0
"X8W_all_all_GCTGCTTTCATAAAGG.1",0
"X8W_all_all_GCTGCTTTCTCGTTTA.1",0
"X8W_all_all_GCTGCTTTCTGCGTAA.1",2
"X8W_all_all_GCTGGGTGTTTCCACC.1",2
"X8W_all_all_GCTGGGTTCATTTGGG.1",0
"X8W_all_all_GCTTCCATCACGGTTA.1",2
"X8W_all_all_GCTTGAACAGCTCCGA.1",0
"X8W_all_all_GGAACTTAGACCGGAT.1",0
"X8W_all_all_GGAACTTCAAGAGGCT.1",1
"X8W_all_all_GGAACTTGTCTAAAGA.1",0
"X8W_all_all_GGAACTTGTCTAGCGC.1",1
"X8W_all_all_GGAACTTTCGTCCGTT.1",1
"X8W_all_all_GGAATAAAGCGTCTAT.1",0
"X8W_all_all_GGAATAATCCTTGACC.1",0
"X8W_all_all_GGAATAATCGTAGGAG.1",0
"X8W_all_all_GGACAAGAGCGATGAC.1",1
"X8W_all_all_GGACAAGTCCTCGCAT.1",2
"X8W_all_all_GGACAGACAATGTAAG.1",0
"X8W_all_all_GGACAGACACGCTTTC.1",1
"X8W_all_all_GGACAGACAGAAGCAC.1",1
"X8W_all_all_GGACAGAGTTTGACAC.1",2
"X8W_all_all_GGACATTCAGTACACT.1",0
"X8W_all_all_GGACATTTCACCGTAA.1",0
"X8W_all_all_GGACATTTCATCGCTC.1",1
"X8W_all_all_GGACATTTCGGCATCG.1",0
"X8W_all_all_GGAGCAAAGTCTCCTC.1",1
"X8W_all_all_GGATGTTAGACTAAGT.1",0
"X8W_all_all_GGATGTTAGATGGGTC.1",0
"X8W_all_all_GGATGTTCACTACAGT.1",0
"X8W_all_all_GGATGTTCACTTAACG.1",0
"X8W_all_all_GGATGTTGTGGTTTCA.1",0
"X8W_all_all_GGATGTTTCTGGTGTA.1",0
"X8W_all_all_GGATTACAGCCTATGT.1",0
"X8W_all_all_GGATTACGTTCCTCCA.1",1
"X8W_all_all_GGATTACTCGAGAGCA.1",2
"X8W_all_all_GGCAATTCATTACGAC.1",0
"X8W_all_all_GGCAATTGTAGCGTCC.1",2
"X8W_all_all_GGCCGATCATGCCTTC.1",1
"X8W_all_all_GGCCGATGTGCCTTGG.1",1
"X8W_all_all_GGCCGATGTGTCAATC.1",1
"X8W_all_all_GGCCGATGTTATTCTC.1",1
"X8W_all_all_GGCGACTGTAGTACCT.1",1
"X8W_all_all_GGCGACTTCGTTACAG.1",0
"X8W_all_all_GGCGTGTCAGTGGGAT.1",0
"X8W_all_all_GGCTCGAAGTTAAGTG.1",1
"X8W_all_all_GGCTCGATCAGTTGAC.1",0
"X8W_all_all_GGCTCGATCGGCGCTA.1",2
"X8W_all_all_GGCTGGTTCGGACAAG.1",1
"X8W_all_all_GGGAATGGTAAGCACG.1",2
"X8W_all_all_GGGACCTAGACCACGA.1",1
"X8W_all_all_GGGACCTCACGTCAGC.1",0
"X8W_all_all_GGGACCTCAGGCTCAC.1",0
"X8W_all_all_GGGACCTTCAGCTTAG.1",0
"X8W_all_all_GGGAGATCAAATACAG.1",0
"X8W_all_all_GGGAGATTCGATGAGG.1",0
"X8W_all_all_GGGATGAGTCGCATCG.1",1
"X8W_all_all_GGGCACTAGCTCCTTC.1",2
"X8W_all_all_GGGCACTCAAACCCAT.1",0
"X8W_all_all_GGGCACTGTACAAGTA.1",0
"X8W_all_all_GGGCACTGTCTCACCT.1",0
"X8W_all_all_GGGCATCCACGGTAAG.1",0
"X8W_all_all_GGGCATCTCCCATTAT.1",0
"X8W_all_all_GGGTCTGCATCCCACT.1",2
"X8W_all_all_GGGTCTGTCCACGACG.1",0
"X8W_all_all_GGGTTGCGTTAAGATG.1",1
"X8W_all_all_GGTATTGAGACTAAGT.1",0
"X8W_all_all_GGTATTGAGAGACTAT.1",0
"X8W_all_all_GGTATTGAGCTCCTCT.1",0
"X8W_all_all_GGTGAAGCATGTCGAT.1",1
"X8W_all_all_GGTGAAGGTCGACTAT.1",1
"X8W_all_all_GGTGAAGGTTAAGATG.1",1
"X8W_all_all_GGTGCGTCAATCTACG.1",0
"X8W_all_all_GGTGCGTTCAGCTCTC.1",0
"X8W_all_all_GGTGCGTTCCGTAGGC.1",0
"X8W_all_all_GGTGTTAAGGTACTCT.1",1
"X8W_all_all_GTAACTGCATTGTGCA.1",0
"X8W_all_all_GTAACTGGTTTGTTGG.1",1
"X8W_all_all_GTAACTGTCTAGCACA.1",2
"X8W_all_all_GTACTCCTCAACACCA.1",0
"X8W_all_all_GTACTTTGTCCAGTAT.1",0
"X8W_all_all_GTAGGCCAGGACAGAA.1",0
"X8W_all_all_GTAGGCCAGTGGAGTC.1",1
"X8W_all_all_GTAGGCCTCCAACCAA.1",1
"X8W_all_all_GTAGTCATCCGCATCT.1",0
"X8W_all_all_GTAGTCATCGTTGCCT.1",2
"X8W_all_all_GTATCTTGTAATCGTC.1",0
"X8W_all_all_GTATCTTGTACTTGAC.1",0
"X8W_all_all_GTATCTTTCGGATGGA.1",1
"X8W_all_all_GTATTCTAGTGAACAT.1",0
"X8W_all_all_GTATTCTCAGCTCGAC.1",2
"X8W_all_all_GTCAAGTCAGATCCAT.1",2
"X8W_all_all_GTCACAAAGAGTAAGG.1",0
"X8W_all_all_GTCACAAGTCCGTGAC.1",0
"X8W_all_all_GTCACGGGTAATCACC.1",1
"X8W_all_all_GTCATTTAGCGTAATA.1",2
"X8W_all_all_GTCATTTGTAATTGGA.1",1
"X8W_all_all_GTCCTCAAGGTGTTAA.1",0
"X8W_all_all_GTCCTCAAGTTACGGG.1",1
"X8W_all_all_GTCCTCATCTACGAGT.1",0
"X8W_all_all_GTCGGGTAGAAACGAG.1",2
"X8W_all_all_GTCGGGTCAATCTACG.1",0
"X8W_all_all_GTCTCGTCATCCCATC.1",0
"X8W_all_all_GTCTTCGAGAGGGCTT.1",0
"X8W_all_all_GTCTTCGCAAGAAGAG.1",0
"X8W_all_all_GTCTTCGCATTCGACA.1",0
"X8W_all_all_GTCTTCGTCCAACCAA.1",0
"X8W_all_all_GTGAAGGAGGACATTA.1",2
"X8W_all_all_GTGAAGGAGGATGGTC.1",0
"X8W_all_all_GTGAAGGCACGAGAGT.1",2
"X8W_all_all_GTGAAGGGTCTCGTTC.1",1
"X8W_all_all_GTGCAGCCATGCCTTC.1",2
"X8W_all_all_GTGCAGCGTAGCTCCG.1",1
"X8W_all_all_GTGCAGCGTCCGACGT.1",0
"X8W_all_all_GTGCAGCTCACGGTTA.1",0
"X8W_all_all_GTGCATAAGATGTTAG.1",1
"X8W_all_all_GTGCATACAGCCTATA.1",1
"X8W_all_all_GTGCGGTAGATCTGCT.1",0
"X8W_all_all_GTGCGGTGTGACAAAT.1",1
"X8W_all_all_GTGCGGTTCTGCAAGT.1",2
"X8W_all_all_GTGCTTCCAAGGCTCC.1",1
"X8W_all_all_GTGCTTCCAATGAAAC.1",0
"X8W_all_all_GTGGGTCAGCTCCTCT.1",1
"X8W_all_all_GTGGGTCAGTTCGCAT.1",0
"X8W_all_all_GTGGGTCGTTATGTGC.1",0
"X8W_all_all_GTGGGTCGTTCTGGTA.1",0
"X8W_all_all_GTGTGCGAGAGACGAA.1",0
"X8W_all_all_GTGTGCGCACTGTTAG.1",0
"X8W_all_all_GTGTGCGGTCCAGTTA.1",2
"X8W_all_all_GTGTGCGTCTCATTCA.1",0
"X8W_all_all_GTGTTAGCATCCCACT.1",2
"X8W_all_all_GTTAAGCTCTTCAACT.1",0
"X8W_all_all_GTTACAGAGTAGCCGA.1",1
"X8W_all_all_GTTCATTCAAACCTAC.1",0
"X8W_all_all_GTTCATTCACTGTCGG.1",1
"X8W_all_all_GTTCATTCATGAGCGA.1",0
"X8W_all_all_GTTCATTTCGGAAACG.1",1
"X8W_all_all_GTTCGGGTCCTTAATC.1",0
"X8W_all_all_GTTTCTAAGAGACTTA.1",1
"X8W_all_all_GTTTCTAAGCCCAGCT.1",0
"X8W_all_all_GTTTCTATCGTACCGG.1",0
"X8W_all_all_TAAACCGTCATGCTCC.1",0
"X8W_all_all_TAAGAGAGTCAACTGT.1",1
"X8W_all_all_TAAGCGTTCCCTTGCA.1",0
"X8W_all_all_TAAGTGCCACAGTCGC.1",0
"X8W_all_all_TAAGTGCGTAGGCTGA.1",0
"X8W_all_all_TAAGTGCTCCCATTTA.1",1
"X8W_all_all_TACAGTGCAAAGCGGT.1",0
"X8W_all_all_TACAGTGCATATACCG.1",1
"X8W_all_all_TACAGTGGTACAGCAG.1",0
"X8W_all_all_TACAGTGTCACCCGAG.1",0
"X8W_all_all_TACCTATCACTTCGAA.1",1
"X8W_all_all_TACCTATTCATGTCTT.1",1
"X8W_all_all_TACCTATTCTTTAGTC.1",1
"X8W_all_all_TACCTTATCGGCGCAT.1",1
"X8W_all_all_TACGGTAGTTAGTGGG.1",0
"X8W_all_all_TACGGTATCATCGATG.1",2
"X8W_all_all_TACGGTATCTTTACAC.1",0
"X8W_all_all_TACTCATCACTGTGTA.1",1
"X8W_all_all_TACTTGTAGATGTGGC.1",2
"X8W_all_all_TACTTGTCAGTATCTG.1",1
"X8W_all_all_TACTTGTGTATAGTAG.1",0
"X8W_all_all_TACTTGTTCACCATAG.1",0
"X8W_all_all_TACTTGTTCGAGGTAG.1",2
"X8W_all_all_TAGACCAAGACGACGT.1",0
"X8W_all_all_TAGACCACAAGCCTAT.1",0
"X8W_all_all_TAGACCAGTAGGACAC.1",0
"X8W_all_all_TAGAGCTAGCCACGTC.1",0
"X8W_all_all_TAGAGCTTCATGTCTT.1",0
"X8W_all_all_TAGCCGGCAATAAGCA.1",1
"X8W_all_all_TAGCCGGGTAGAAGGA.1",0
"X8W_all_all_TAGCCGGTCGACAGCC.1",2
"X8W_all_all_TAGGCATGTATGAATG.1",0
"X8W_all_all_TAGTGGTCATCGACGC.1",2
"X8W_all_all_TAGTGGTGTACAGCAG.1",0
"X8W_all_all_TAGTGGTTCCACGTGG.1",0
"X8W_all_all_TAGTTGGTCTAGCACA.1",0
"X8W_all_all_TATCAGGAGTGTTGAA.1",0
"X8W_all_all_TATCAGGCAATAAGCA.1",0
"X8W_all_all_TATCAGGTCACCGTAA.1",2
"X8W_all_all_TATCTCATCTAACCGA.1",0
"X8W_all_all_TATGCCCTCGCACTCT.1",0
"X8W_all_all_TATTACCGTCTTTCAT.1",0
"X8W_all_all_TCAATCTGTTGCTCCT.1",0
"X8W_all_all_TCACAAGCACTAGTAC.1",1
"X8W_all_all_TCACAAGTCTCTTGAT.1",2
"X8W_all_all_TCACGAATCGCCAGCA.1",0
"X8W_all_all_TCACGAATCTGATACG.1",1
"X8W_all_all_TCAGATGAGTGTTGAA.1",0
"X8W_all_all_TCAGATGGTAGCCTCG.1",1
"X8W_all_all_TCAGCTCAGTTAACGA.1",1
"X8W_all_all_TCAGCTCCACCATCCT.1",2
"X8W_all_all_TCAGGATCAACTGCTA.1",1
"X8W_all_all_TCAGGATGTAATCACC.1",0
"X8W_all_all_TCAGGATGTGCAACGA.1",0
"X8W_all_all_TCAGGTAAGTCAAGCG.1",0
"X8W_all_all_TCAGGTACAGGACGTA.1",2
"X8W_all_all_TCAGGTAGTCACACGC.1",0
"X8W_all_all_TCAGGTAGTTCATGGT.1",2
"X8W_all_all_TCATTTGAGTATCTCG.1",0
"X8W_all_all_TCATTTGAGTCTCGGC.1",0
"X8W_all_all_TCATTTGAGTTCGCAT.1",0
"X8W_all_all_TCCACACAGAGTCTGG.1",1
"X8W_all_all_TCCACACCATTGAGCT.1",2
"X8W_all_all_TCCACACTCGAATCCA.1",2
"X8W_all_all_TCCACACTCGGAATCT.1",1
"X8W_all_all_TCCCGATGTAGCGCTC.1",0
"X8W_all_all_TCGAGGCGTTCCACGG.1",1
"X8W_all_all_TCGCGAGAGTGACATA.1",0
"X8W_all_all_TCGCGAGGTTCCGGCA.1",0
"X8W_all_all_TCGCGTTCAATAGAGT.1",0
"X8W_all_all_TCGCGTTTCGTTACAG.1",0
"X8W_all_all_TCGCGTTTCTTACCGC.1",2
"X8W_all_all_TCGGGACGTACTCAAC.1",0
"X8W_all_all_TCGGGACGTCATACTG.1",0
"X8W_all_all_TCGGTAAAGCCGGTAA.1",0
"X8W_all_all_TCGGTAACAAGTCTAC.1",0
"X8W_all_all_TCGGTAACAATTCCTT.1",1
"X8W_all_all_TCGTACCAGTGGAGTC.1",1
"X8W_all_all_TCGTAGAAGAATGTTG.1",0
"X8W_all_all_TCGTAGACAGTCAGAG.1",0
"X8W_all_all_TCTATTGGTCTTTCAT.1",0
"X8W_all_all_TCTCATATCTTGCCGT.1",0
"X8W_all_all_TCTCTAACAGCCAGAA.1",0
"X8W_all_all_TCTGAGAGTCATTAGC.1",0
"X8W_all_all_TCTGAGATCATCATTC.1",0
"X8W_all_all_TCTGGAACACGCTTTC.1",0
"X8W_all_all_TCTGGAAGTACGAAAT.1",2
"X8W_all_all_TCTGGAAGTCGGCTCA.1",2
"X8W_all_all_TCTGGAATCGGTGTCG.1",1
"X8W_all_all_TCTTCGGCACAACGTT.1",1
"X8W_all_all_TCTTCGGGTTGTCTTT.1",1
"X8W_all_all_TCTTTCCTCCAGAGGA.1",0
"X8W_all_all_TGAAAGAAGGCCGAAT.1",0
"X8W_all_all_TGACAACAGACTACAA.1",1
"X8W_all_all_TGACAACGTCTGATCA.1",0
"X8W_all_all_TGACGGCCAGCTCCGA.1",0
"X8W_all_all_TGACTAGAGTGTTGAA.1",2
"X8W_all_all_TGACTAGGTCGCGAAA.1",0
"X8W_all_all_TGACTTTAGCCACGCT.1",0
"X8W_all_all_TGACTTTAGTGTTTGC.1",0
"X8W_all_all_TGACTTTGTATAGGGC.1",0
"X8W_all_all_TGAGAGGCACAGACAG.1",0
"X8W_all_all_TGAGAGGCACAGAGGT.1",0
"X8W_all_all_TGAGCATAGAAGGTTT.1",2
"X8W_all_all_TGAGCATTCAACCATG.1",2
"X8W_all_all_TGAGCCGAGCTTTGGT.1",0
"X8W_all_all_TGAGCCGAGGCTCTTA.1",1
"X8W_all_all_TGAGCCGCACTATCTT.1",2
"X8W_all_all_TGAGCCGTCGTGGGAA.1",1
"X8W_all_all_TGAGGGACACTTCGAA.1",2
"X8W_all_all_TGAGGGATCATGGTCA.1",0
"X8W_all_all_TGATTTCAGAGTACAT.1",0
"X8W_all_all_TGCACCTGTCTTTCAT.1",0
"X8W_all_all_TGCACCTTCTGACCTC.1",0
"X8W_all_all_TGCCAAAAGCTAACAA.1",0
"X8W_all_all_TGCCCATCATTGCGGC.1",1
"X8W_all_all_TGCCCTACAGATGAGC.1",1
"X8W_all_all_TGCCCTACAGGGTTAG.1",2
"X8W_all_all_TGCGCAGGTCTGCCAG.1",1
"X8W_all_all_TGCGGGTAGATGTAAC.1",2
"X8W_all_all_TGCGGGTCACTTCTGC.1",1
"X8W_all_all_TGCGGGTGTAAGAGGA.1",1
"X8W_all_all_TGCGTGGAGACTTGAA.1",1
"X8W_all_all_TGCGTGGCAATGAATG.1",1
"X8W_all_all_TGCGTGGCACCTCGTT.1",0
"X8W_all_all_TGCTGCTCAGATCCAT.1",1
"X8W_all_all_TGCTGCTGTATAATGG.1",0
"X8W_all_all_TGCTGCTGTGTAACGG.1",2
"X8W_all_all_TGGACGCTCACTTACT.1",1
"X8W_all_all_TGGCCAGAGAGACGAA.1",0
"X8W_all_all_TGGCCAGAGTAGGCCA.1",0
"X8W_all_all_TGGCCAGCACCATCCT.1",1
"X8W_all_all_TGGCCAGTCTTCCTTC.1",0
"X8W_all_all_TGGCGCAAGCTAACTC.1",0
"X8W_all_all_TGGCGCAGTGAAAGAG.1",2
"X8W_all_all_TGGCTGGAGTACTTGC.1",0
"X8W_all_all_TGGCTGGCACGGACAA.1",0
"X8W_all_all_TGGCTGGGTAGCGTCC.1",2
"X8W_all_all_TGGGAAGGTCTAGCGC.1",0
"X8W_all_all_TGGGAAGTCCACGAAT.1",0
"X8W_all_all_TGGGCGTAGCCAGTTT.1",0
"X8W_all_all_TGGGCGTTCGTCTGCT.1",0
"X8W_all_all_TGGTTAGAGACACGAC.1",0
"X8W_all_all_TGGTTAGCACGAAGCA.1",0
"X8W_all_all_TGGTTCCAGGATGCGT.1",0
"X8W_all_all_TGGTTCCGTGATGTGG.1",1
"X8W_all_all_TGTATTCCAGTCTTCC.1",1
"X8W_all_all_TGTCCCAGTGAAATCA.1",0
"X8W_all_all_TGTGTTTGTACGCACC.1",0
"X8W_all_all_TGTGTTTTCTGTTGAG.1",2
"X8W_all_all_TGTTCCGAGCGTTTAC.1",1
"X8W_all_all_TGTTCCGCACCGCTAG.1",0
"X8W_all_all_TGTTCCGCACGTCAGC.1",0
"X8W_all_all_TTAACTCAGAGAGCTC.1",1
"X8W_all_all_TTAACTCCAGCTGGCT.1",0
"X8W_all_all_TTAACTCGTGATGATA.1",0
"X8W_all_all_TTAACTCGTTGGTAAA.1",2
"X8W_all_all_TTAACTCTCGGATGTT.1",0
"X8W_all_all_TTAGGACAGTAGGCCA.1",0
"X8W_all_all_TTAGGCAAGAAGGGTA.1",1
"X8W_all_all_TTAGGCAAGGGATCTG.1",0
"X8W_all_all_TTAGGCACATTGTGCA.1",0
"X8W_all_all_TTAGGCAGTCTGCGGT.1",0
"X8W_all_all_TTAGGCAGTTTAGCTG.1",0
"X8W_all_all_TTAGGCATCAAACGGG.1",1
"X8W_all_all_TTAGGCATCACCCTCA.1",1
"X8W_all_all_TTAGGCATCATAGCAC.1",2
"X8W_all_all_TTAGTTCTCCTTGGTC.1",0
"X8W_all_all_TTATGCTCACGGCTAC.1",0
"X8W_all_all_TTATGCTTCCTGCCAT.1",0
"X8W_all_all_TTATGCTTCGCAAGCC.1",1
"X8W_all_all_TTCCCAGAGTCATGCT.1",2
"X8W_all_all_TTCGAAGTCGTTGACA.1",0
"X8W_all_all_TTCTCAAGTCAGTGGA.1",1
"X8W_all_all_TTCTCCTAGTCGATAA.1",0
"X8W_all_all_TTCTCCTCATGTCGAT.1",2
"X8W_all_all_TTCTTAGCAGGCTCAC.1",0
"X8W_all_all_TTCTTAGTCCTATGTT.1",1
"X8W_all_all_TTGAACGGTCGAACAG.1",1
"X8W_all_all_TTGACTTAGGGATGGG.1",0
"X8W_all_all_TTGACTTAGGTGACCA.1",0
"X8W_all_all_TTGCCGTCACAGACAG.1",1
"X8W_all_all_TTGCCGTGTGTCAATC.1",0
"X8W_all_all_TTGCCGTTCAACACCA.1",0
"X8W_all_all_TTGCCGTTCCTTTCGG.1",0
"X8W_all_all_TTGCGTCAGCTCCTCT.1",1
"X8W_all_all_TTGGAACCACATAACC.1",0
"X8W_all_all_TTGGCAAAGAGTCTGG.1",0
"X8W_all_all_TTGGCAACACATCCAA.1",0
"X8W_all_all_TTGTAGGAGAGTACAT.1",1
"X8W_all_all_TTTACTGTCTTATCTG.1",0
"X8W_all_all_TTTATGCAGTGGTAGC.1",0
"X8W_all_all_TTTATGCGTTCCTCCA.1",2
"X8W_all_all_TTTATGCTCCGTCAAA.1",0
"X8W_all_all_TTTCCTCTCTTACCGC.1",0
"X8W_all_all_TTTGCGCAGTGTACCT.1",0
"X8W_all_all_TTTGCGCGTCTGCCAG.1",0
"X8W_all_all_TTTGGTTAGACTGGGT.1",1
"X8W_all_all_TTTGGTTGTCGCGGTT.1",0
"X8W_all_all_TTTGGTTTCGTGGTCG.1",2
"X8W_all_all_TTTGTCAGTCTAACGT.1",2
"X8W_all_all_TTTGTCATCGATGAGG.1",2
"X10W_all_all_AAACCTGAGAAACCTA.1",0
"X10W_all_all_AAACCTGAGACAGACC.1",1
"X10W_all_all_AAACCTGAGTGTACGG.1",2
"X10W_all_all_AAACCTGCAGTCAGCC.1",0
"X10W_all_all_AAACCTGGTAGAAAGG.1",0
"X10W_all_all_AAACCTGTCACCCGAG.1",2
"X10W_all_all_AAACGGGCACATGTGT.1",2
"X10W_all_all_AAACGGGCATACGCTA.1",0
"X10W_all_all_AAACGGGGTCGCATCG.1",0
"X10W_all_all_AAACGGGGTTTAGGAA.1",0
"X10W_all_all_AAACGGGTCTACTCAT.1",1
"X10W_all_all_AAAGATGAGCAGCGTA.1",1
"X10W_all_all_AAAGATGAGCCAGTAG.1",0
"X10W_all_all_AAAGATGAGCTATGCT.1",2
"X10W_all_all_AAAGATGGTAGAGGAA.1",1
"X10W_all_all_AAAGATGTCTCCGGTT.1",2
"X10W_all_all_AAAGATGTCTCGGACG.1",2
"X10W_all_all_AAAGCAAAGCGTGAAC.1",2
"X10W_all_all_AAAGCAAAGGGCACTA.1",1
"X10W_all_all_AAAGTAGAGTCCAGGA.1",0
"X10W_all_all_AAAGTAGGTCAAAGAT.1",1
"X10W_all_all_AAAGTAGTCATCTGTT.1",0
"X10W_all_all_AAAGTAGTCGCTGATA.1",2
"X10W_all_all_AAATGCCAGTATGACA.1",1
"X10W_all_all_AAATGCCCAATCCAAC.1",0
"X10W_all_all_AAATGCCGTGTCGCTG.1",1
"X10W_all_all_AAATGCCGTGTTGAGG.1",2
"X10W_all_all_AACACGTCAGGCTCAC.1",0
"X10W_all_all_AACACGTGTAGCTCCG.1",1
"X10W_all_all_AACACGTGTATCTGCA.1",0
"X10W_all_all_AACCGCGAGTGCGATG.1",0
"X10W_all_all_AACCGCGTCAACCATG.1",0
"X10W_all_all_AACCGCGTCTGTTGAG.1",1
"X10W_all_all_AACGTTGCAAGTCTGT.1",0
"X10W_all_all_AACGTTGCATCACGTA.1",0
"X10W_all_all_AACGTTGTCAAAGTAG.1",0
"X10W_all_all_AACTCAGAGACAAGCC.1",2
"X10W_all_all_AACTCAGAGGACATTA.1",0
"X10W_all_all_AACTCAGGTACCATCA.1",1
"X10W_all_all_AACTCAGGTAGCAAAT.1",0
"X10W_all_all_AACTCAGGTCCCGACA.1",0
"X10W_all_all_AACTCAGGTCTCCCTA.1",2
"X10W_all_all_AACTCAGTCTCTAAGG.1",0
"X10W_all_all_AACTCCCCAGTGACAG.1",0
"X10W_all_all_AACTCTTAGTAATCCC.1",1
"X10W_all_all_AACTGGTCATATACCG.1",0
"X10W_all_all_AACTTTCGTGAGCGAT.1",0
"X10W_all_all_AAGACCTAGTCAATAG.1",1
"X10W_all_all_AAGACCTGTAAGTGGC.1",0
"X10W_all_all_AAGACCTGTGTTCTTT.1",0
"X10W_all_all_AAGCCGCCAACGATCT.1",0
"X10W_all_all_AAGCCGCGTACCGAGA.1",0
"X10W_all_all_AAGCCGCGTTCCATGA.1",0
"X10W_all_all_AAGGAGCAGTACACCT.1",1
"X10W_all_all_AAGGAGCCAGTGAGTG.1",0
"X10W_all_all_AAGGAGCCATGGGACA.1",0
"X10W_all_all_AAGGCAGAGACGCTTT.1",0
"X10W_all_all_AAGGCAGGTCTGCCAG.1",2
"X10W_all_all_AAGGCAGGTTTCGCTC.1",1
"X10W_all_all_AAGGCAGTCGAGCCCA.1",1
"X10W_all_all_AAGGTTCCAAGCCATT.1",0
"X10W_all_all_AAGGTTCCACAGATTC.1",0
"X10W_all_all_AAGGTTCGTCAGTGGA.1",0
"X10W_all_all_AAGGTTCTCTTAACCT.1",0
"X10W_all_all_AAGTCTGAGATGTGGC.1",1
"X10W_all_all_AAGTCTGCAAAGCAAT.1",0
"X10W_all_all_AAGTCTGCAGTAAGCG.1",1
"X10W_all_all_AATCCAGCATGGGACA.1",0
"X10W_all_all_AATCCAGGTTTGCATG.1",2
"X10W_all_all_AATCCAGTCTTCCTTC.1",0
"X10W_all_all_ACACCAACACAACGCC.1",2
"X10W_all_all_ACACCAACAGTTCCCT.1",0
"X10W_all_all_ACACCCTAGGCCGAAT.1",0
"X10W_all_all_ACACCCTGTCTAGGTT.1",1
"X10W_all_all_ACACCCTGTTATTCTC.1",0
"X10W_all_all_ACACCCTTCCTCGCAT.1",0
"X10W_all_all_ACACCGGCAATGCCAT.1",0
"X10W_all_all_ACACTGAGTCGCATCG.1",0
"X10W_all_all_ACAGCCGGTAGCGTAG.1",1
"X10W_all_all_ACAGCTAAGATTACCC.1",0
"X10W_all_all_ACAGCTAGTATATCCG.1",0
"X10W_all_all_ACATACGGTCGGCACT.1",1
"X10W_all_all_ACATACGTCTAACGGT.1",0
"X10W_all_all_ACATCAGAGAGGTAGA.1",0
"X10W_all_all_ACATCAGTCCGAACGC.1",1
"X10W_all_all_ACCAGTACAACTTGAC.1",2
"X10W_all_all_ACCAGTACAAGTACCT.1",0
"X10W_all_all_ACCAGTAGTCTAAAGA.1",1
"X10W_all_all_ACCAGTATCATCGATG.1",0
"X10W_all_all_ACCAGTATCCCTAATT.1",1
"X10W_all_all_ACCCACTTCACAGTAC.1",1
"X10W_all_all_ACCCACTTCTAGCACA.1",1
"X10W_all_all_ACCGTAAAGGTGTGGT.1",0
"X10W_all_all_ACCGTAACAGTTTACG.1",1
"X10W_all_all_ACCGTAACATCTCCCA.1",1
"X10W_all_all_ACCGTAAGTGCACTTA.1",2
"X10W_all_all_ACGAGCCAGGTGCAAC.1",0
"X10W_all_all_ACGAGGACAATCTACG.1",0
"X10W_all_all_ACGAGGACACGTTGGC.1",0
"X10W_all_all_ACGAGGAGTCGCGGTT.1",1
"X10W_all_all_ACGATACGTCGAACAG.1",0
"X10W_all_all_ACGATACTCGGCGCTA.1",2
"X10W_all_all_ACGATACTCTCTGTCG.1",2
"X10W_all_all_ACGATGTAGCGTGAAC.1",1
"X10W_all_all_ACGATGTCATGCTGGC.1",1
"X10W_all_all_ACGATGTGTAAGTGGC.1",0
"X10W_all_all_ACGATGTTCTGCGTAA.1",1
"X10W_all_all_ACGATGTTCTTGCATT.1",0
"X10W_all_all_ACGCAGCGTAGCGCAA.1",0
"X10W_all_all_ACGCCAGAGGGCACTA.1",0
"X10W_all_all_ACGCCAGTCCAATGGT.1",0
"X10W_all_all_ACGCCAGTCCGGGTGT.1",0
"X10W_all_all_ACGCCAGTCGCGGATC.1",0
"X10W_all_all_ACGCCGAAGGGATGGG.1",0
"X10W_all_all_ACGCCGACACGTAAGG.1",0
"X10W_all_all_ACGGAGAAGGACATTA.1",0
"X10W_all_all_ACGGCCAAGCAGCCTC.1",0
"X10W_all_all_ACGGGCTAGCGATATA.1",0
"X10W_all_all_ACGGGCTAGGACCACA.1",2
"X10W_all_all_ACGGGCTTCGGACAAG.1",0
"X10W_all_all_ACGGGCTTCGTCTGAA.1",0
"X10W_all_all_ACGGGTCGTGGCGAAT.1",0
"X10W_all_all_ACGTCAACAATCAGAA.1",0
"X10W_all_all_ACTATCTAGTTTCCTT.1",1
"X10W_all_all_ACTATCTCACGGACAA.1",0
"X10W_all_all_ACTATCTTCGGTGTCG.1",2
"X10W_all_all_ACTGAACTCGAACGGA.1",0
"X10W_all_all_ACTGATGCATGGGAAC.1",0
"X10W_all_all_ACTGCTCCACGCGAAA.1",1
"X10W_all_all_ACTGCTCCAGCGTAAG.1",0
"X10W_all_all_ACTGCTCGTTCGCTAA.1",1
"X10W_all_all_ACTGTCCAGCTAAGAT.1",1
"X10W_all_all_ACTGTCCCATCCGCGA.1",0
"X10W_all_all_ACTGTCCGTAGGCTGA.1",0
"X10W_all_all_ACTGTCCGTTCTGGTA.1",0
"X10W_all_all_ACTGTCCTCACAGGCC.1",0
"X10W_all_all_ACTTACTAGCAATATG.1",0
"X10W_all_all_ACTTACTAGTTCGCAT.1",1
"X10W_all_all_ACTTACTGTAAGCACG.1",0
"X10W_all_all_ACTTACTGTAGGACAC.1",0
"X10W_all_all_ACTTACTGTCCGAACC.1",0
"X10W_all_all_ACTTACTTCGTCACGG.1",2
"X10W_all_all_ACTTGTTCACAACGCC.1",1
"X10W_all_all_ACTTTCAAGATAGGAG.1",0
"X10W_all_all_ACTTTCAAGCGATCCC.1",0
"X10W_all_all_ACTTTCACAAGCCATT.1",1
"X10W_all_all_ACTTTCACACGTAAGG.1",0
"X10W_all_all_ACTTTCAGTAAATGAC.1",1
"X10W_all_all_ACTTTCAGTTCCGGCA.1",0
"X10W_all_all_ACTTTCATCGCTAGCG.1",1
"X10W_all_all_AGACGTTCATACTCTT.1",0
"X10W_all_all_AGAGCTTAGTCCAGGA.1",0
"X10W_all_all_AGAGCTTGTAGCTCCG.1",1
"X10W_all_all_AGAGCTTGTGGTAACG.1",2
"X10W_all_all_AGAGCTTTCACTTACT.1",0
"X10W_all_all_AGAGTGGTCGCCGTGA.1",0
"X10W_all_all_AGATCTGGTCGCATAT.1",0
"X10W_all_all_AGCAGCCCACCAGCAC.1",0
"X10W_all_all_AGCAGCCTCGCATGGC.1",0
"X10W_all_all_AGCATACAGAGATGAG.1",1
"X10W_all_all_AGCATACAGTTAAGTG.1",1
"X10W_all_all_AGCATACCAGGTCTCG.1",0
"X10W_all_all_AGCATACGTCGGCTCA.1",0
"X10W_all_all_AGCCTAAAGATGTCGG.1",0
"X10W_all_all_AGCCTAATCAGTTTGG.1",0
"X10W_all_all_AGCCTAATCATATCGG.1",0
"X10W_all_all_AGCGGTCAGTTTCCTT.1",0
"X10W_all_all_AGCGGTCGTTATCCGA.1",0
"X10W_all_all_AGCGGTCTCAGCACAT.1",2
"X10W_all_all_AGCGTCGCATCGTCGG.1",2
"X10W_all_all_AGCTCCTCATTCACTT.1",1
"X10W_all_all_AGCTCCTTCGAGCCCA.1",1
"X10W_all_all_AGCTCCTTCGCGCCAA.1",0
"X10W_all_all_AGCTCCTTCTTAACCT.1",2
"X10W_all_all_AGCTCTCGTCTAGTCA.1",0
"X10W_all_all_AGCTTGAAGGCCCTTG.1",2
"X10W_all_all_AGCTTGACAAATACAG.1",1
"X10W_all_all_AGCTTGAGTCGGATCC.1",1
"X10W_all_all_AGCTTGATCAAACCAC.1",0
"X10W_all_all_AGCTTGATCGAGCCCA.1",0
"X10W_all_all_AGGCCGTGTCTAGTGT.1",0
"X10W_all_all_AGGCCGTTCTTATCTG.1",1
"X10W_all_all_AGGGAGTCAAACCTAC.1",0
"X10W_all_all_AGGGATGAGGACAGAA.1",0
"X10W_all_all_AGGGATGTCACGCATA.1",2
"X10W_all_all_AGGGTGAAGCCGCCTA.1",1
"X10W_all_all_AGGGTGAGTCCCTACT.1",1
"X10W_all_all_AGGTCATTCACCAGGC.1",1
"X10W_all_all_AGTAGTCAGCAGATCG.1",2
"X10W_all_all_AGTAGTCCAAGAAAGG.1",0
"X10W_all_all_AGTAGTCCATGGTCAT.1",0
"X10W_all_all_AGTAGTCTCAACACCA.1",0
"X10W_all_all_AGTAGTCTCAACACTG.1",2
"X10W_all_all_AGTCTTTTCCGTTGCT.1",2
"X10W_all_all_AGTGAGGTCATCGGAT.1",0
"X10W_all_all_AGTGAGGTCGCAGGCT.1",0
"X10W_all_all_AGTGGGACAAGGTTTC.1",0
"X10W_all_all_AGTGGGACACGAAACG.1",0
"X10W_all_all_AGTGGGACATAAGACA.1",2
"X10W_all_all_AGTGGGAGTCCTGCTT.1",0
"X10W_all_all_AGTGGGAGTTACGTCA.1",0
"X10W_all_all_AGTGTCAGTTTGACTG.1",1
"X10W_all_all_AGTGTCATCTACTTAC.1",0
"X10W_all_all_AGTTGGTGTCGATTGT.1",0
"X10W_all_all_ATAACGCCATCAGTCA.1",2
"X10W_all_all_ATAAGAGAGGCCATAG.1",1
"X10W_all_all_ATAAGAGCACAAGTAA.1",2
"X10W_all_all_ATAAGAGGTAGAGGAA.1",0
"X10W_all_all_ATAGACCAGTACACCT.1",1
"X10W_all_all_ATAGACCAGTTCGCAT.1",0
"X10W_all_all_ATAGACCGTCCAGTGC.1",2
"X10W_all_all_ATCACGAAGAAGGTTT.1",1
"X10W_all_all_ATCACGAAGACTACAA.1",0
"X10W_all_all_ATCACGATCATCACCC.1",0
"X10W_all_all_ATCACGATCCAGTATG.1",1
"X10W_all_all_ATCATGGAGGCTAGAC.1",2
"X10W_all_all_ATCATGGGTCCGCTGA.1",0
"X10W_all_all_ATCATGGTCGTTTAGG.1",0
"X10W_all_all_ATCCACCAGTGTGAAT.1",0
"X10W_all_all_ATCCACCCAGTTAACC.1",0
"X10W_all_all_ATCCACCTCTGAAAGA.1",0
"X10W_all_all_ATCTACTAGGCCCGTT.1",1
"X10W_all_all_ATCTACTTCTTGGGTA.1",1
"X10W_all_all_ATCTGCCCATGGGACA.1",0
"X10W_all_all_ATCTGCCGTGTGACCC.1",1
"X10W_all_all_ATCTGCCTCTTTAGGG.1",0
"X10W_all_all_ATGAGGGAGCCAACAG.1",0
"X10W_all_all_ATGAGGGAGGATCGCA.1",0
"X10W_all_all_ATGAGGGGTCCGAAGA.1",0
"X10W_all_all_ATGAGGGGTCGCGGTT.1",0
"X10W_all_all_ATGAGGGGTCTTCGTC.1",0
"X10W_all_all_ATGCGATAGAATTGTG.1",0
"X10W_all_all_ATGCGATAGATATACG.1",0
"X10W_all_all_ATGCGATCATCAGTAC.1",0
"X10W_all_all_ATGGGAGAGAACTGTA.1",1
"X10W_all_all_ATGGGAGGTTAAGATG.1",0
"X10W_all_all_ATGGGAGTCCTTTCTC.1",0
"X10W_all_all_ATGTGTGAGCTAACTC.1",1
"X10W_all_all_ATGTGTGAGTAGGCCA.1",0
"X10W_all_all_ATGTGTGCACCCAGTG.1",0
"X10W_all_all_ATGTGTGGTTGAACTC.1",0
"X10W_all_all_ATTACTCAGTGTACTC.1",1
"X10W_all_all_ATTACTCTCACGGTTA.1",0
"X10W_all_all_ATTACTCTCTTACCTA.1",0
"X10W_all_all_ATTATCCGTGCAACTT.1",2
"X10W_all_all_ATTATCCGTTAGATGA.1",1
"X10W_all_all_ATTCTACCAGCCTTTC.1",0
"X10W_all_all_ATTCTACGTATCAGTC.1",0
"X10W_all_all_ATTCTACGTCGCATCG.1",0
"X10W_all_all_ATTGGACGTCTAAAGA.1",0
"X10W_all_all_ATTGGTGGTCCGAATT.1",1
"X10W_all_all_ATTGGTGGTTAGAACA.1",0
"X10W_all_all_ATTTCTGTCAACACAC.1",0
"X10W_all_all_ATTTCTGTCCCTGACT.1",0
"X10W_all_all_CAACCAAAGTGCGTGA.1",0
"X10W_all_all_CAACCAACAAGTAGTA.1",2
"X10W_all_all_CAACCAACACACATGT.1",1
"X10W_all_all_CAACCAAGTGTCCTCT.1",0
"X10W_all_all_CAACCAATCCACTCCA.1",0
"X10W_all_all_CAACCTCGTGCAACTT.1",0
"X10W_all_all_CAACCTCGTTTGTTTC.1",0
"X10W_all_all_CAACTAGTCATGCTCC.1",1
"X10W_all_all_CAACTAGTCTCCGGTT.1",0
"X10W_all_all_CAACTAGTCTGCGGCA.1",0
"X10W_all_all_CAAGAAAAGCCAACAG.1",1
"X10W_all_all_CAAGAAAGTCGCGGTT.1",0
"X10W_all_all_CAAGAAATCTATCGCC.1",0
"X10W_all_all_CAAGATCCAAAGCAAT.1",1
"X10W_all_all_CAAGATCGTTAAAGTG.1",0
"X10W_all_all_CAAGGCCCAAACGCGA.1",0
"X10W_all_all_CAAGTTGAGCTCTCGG.1",1
"X10W_all_all_CACAAACAGGCAAAGA.1",1
"X10W_all_all_CACAAACGTGATAAGT.1",0
"X10W_all_all_CACACCTCACAAGTAA.1",0
"X10W_all_all_CACACCTGTTGTTTGG.1",0
"X10W_all_all_CACACCTTCACTGGGC.1",0
"X10W_all_all_CACACTCCACAACGCC.1",1
"X10W_all_all_CACACTCGTTATCGGT.1",1
"X10W_all_all_CACACTCTCCGCATCT.1",2
"X10W_all_all_CACAGGCCATCCTAGA.1",0
"X10W_all_all_CACAGGCCATTTCACT.1",1
"X10W_all_all_CACAGGCGTCTGCAAT.1",2
"X10W_all_all_CACAGGCTCTACCTGC.1",2
"X10W_all_all_CACAGTATCAGAGACG.1",0
"X10W_all_all_CACATAGAGCTACCTA.1",0
"X10W_all_all_CACATAGGTCTGATTG.1",1
"X10W_all_all_CACATAGTCGACAGCC.1",1
"X10W_all_all_CACATTTAGCGTAATA.1",0
"X10W_all_all_CACATTTAGTGACATA.1",0
"X10W_all_all_CACATTTTCCGTCATC.1",0
"X10W_all_all_CACCACTCACAGCGTC.1",1
"X10W_all_all_CACCACTGTACAGTTC.1",2
"X10W_all_all_CACCACTGTCTAAAGA.1",1
"X10W_all_all_CACCACTGTTCTGGTA.1",1
"X10W_all_all_CACCACTGTTCTGTTT.1",0
"X10W_all_all_CACCAGGAGGAATGGA.1",0
"X10W_all_all_CACCAGGCACATTAGC.1",1
"X10W_all_all_CACCAGGTCGGTGTTA.1",0
"X10W_all_all_CACCTTGAGGCTATCT.1",0
"X10W_all_all_CACCTTGCAAACTGTC.1",0
"X10W_all_all_CACCTTGCAGGCTGAA.1",1
"X10W_all_all_CACCTTGGTGACCAAG.1",0
"X10W_all_all_CACTCCAAGTGTCTCA.1",1
"X10W_all_all_CACTCCACACCAGGCT.1",0
"X10W_all_all_CACTCCAGTATTACCG.1",0
"X10W_all_all_CACTCCAGTCTCGTTC.1",2
"X10W_all_all_CACTCCATCGAGCCCA.1",2
"X10W_all_all_CAGAATCAGTACCGGA.1",0
"X10W_all_all_CAGAGAGAGGCATGGT.1",0
"X10W_all_all_CAGAGAGAGGCTAGAC.1",0
"X10W_all_all_CAGAGAGGTACATGTC.1",0
"X10W_all_all_CAGAGAGGTACGAAAT.1",0
"X10W_all_all_CAGATCAGTAGCCTCG.1",1
"X10W_all_all_CAGATCAGTCCGAACC.1",0
"X10W_all_all_CAGCAGCCATGAAGTA.1",0
"X10W_all_all_CAGCATAAGTCAAGGC.1",2
"X10W_all_all_CAGCATACACCTTGTC.1",0
"X10W_all_all_CAGCATAGTGGCTCCA.1",0
"X10W_all_all_CAGCCGAGTACCGGCT.1",1
"X10W_all_all_CAGCCGAGTAGCCTAT.1",0
"X10W_all_all_CAGCCGATCAAACAAG.1",0
"X10W_all_all_CAGCGACAGAACTCGG.1",2
"X10W_all_all_CAGCGACAGCTAGTCT.1",1
"X10W_all_all_CAGCGACTCGGTCCGA.1",1
"X10W_all_all_CAGCTGGTCACGAAGG.1",0
"X10W_all_all_CAGGTGCCATTAACCG.1",0
"X10W_all_all_CAGGTGCGTCTAGAGG.1",0
"X10W_all_all_CAGGTGCGTCTCCACT.1",1
"X10W_all_all_CATATGGGTGGTACAG.1",0
"X10W_all_all_CATATGGTCAGTTCGA.1",1
"X10W_all_all_CATATTCTCCACGAAT.1",0
"X10W_all_all_CATATTCTCCTTGACC.1",1
"X10W_all_all_CATCAGACAATGAATG.1",0
"X10W_all_all_CATCAGACACAAGTAA.1",0
"X10W_all_all_CATCAGAGTCTAGGTT.1",2
"X10W_all_all_CATCCACCAATCTACG.1",0
"X10W_all_all_CATCCACCACATCCGG.1",1
"X10W_all_all_CATCCACCAGGACGTA.1",0
"X10W_all_all_CATCGAAAGGAGTAGA.1",1
"X10W_all_all_CATCGAAAGGCAAAGA.1",0
"X10W_all_all_CATCGAACACTCTGTC.1",1
"X10W_all_all_CATCGAATCCTCCTAG.1",0
"X10W_all_all_CATGACATCGAGCCCA.1",1
"X10W_all_all_CATGACATCGTCTGAA.1",0
"X10W_all_all_CATGACATCGTTACAG.1",0
"X10W_all_all_CATGCCTAGAAACGCC.1",2
"X10W_all_all_CATGCCTCAGTACACT.1",2
"X10W_all_all_CATGCCTGTCAGCTAT.1",0
"X10W_all_all_CATGCCTGTCGGGTCT.1",0
"X10W_all_all_CATGCCTTCGGAAATA.1",0
"X10W_all_all_CATGCCTTCTCTGCTG.1",0
"X10W_all_all_CATGGCGAGACTAGGC.1",0
"X10W_all_all_CATGGCGAGCACAGGT.1",1
"X10W_all_all_CATGGCGTCGTTTATC.1",2
"X10W_all_all_CATTATCCAATAGCGG.1",0
"X10W_all_all_CATTATCCACTATCTT.1",0
"X10W_all_all_CATTATCCAGTAAGCG.1",1
"X10W_all_all_CATTCGCAGAATGTGT.1",1
"X10W_all_all_CATTCGCGTAGGCTGA.1",1
"X10W_all_all_CATTCGCGTCTCTTAT.1",0
"X10W_all_all_CCACCTACAGCCTGTG.1",0
"X10W_all_all_CCACCTAGTGGCTCCA.1",2
"X10W_all_all_CCACCTAGTTATTCTC.1",1
"X10W_all_all_CCACCTATCATTGCGA.1",0
"X10W_all_all_CCACGGATCCGAACGC.1",0
"X10W_all_all_CCACTACAGATGTCGG.1",0
"X10W_all_all_CCAGCGAGTAAGTGGC.1",2
"X10W_all_all_CCAGCGAGTAGGGACT.1",1
"X10W_all_all_CCAGCGAGTGGTACAG.1",1
"X10W_all_all_CCAGCGATCGTTACGA.1",0
"X10W_all_all_CCATGTCAGGGCTCTC.1",1
"X10W_all_all_CCATGTCCAATGGATA.1",0
"X10W_all_all_CCATGTCGTGGGTATG.1",1
"X10W_all_all_CCATGTCTCTTGCAAG.1",0
"X10W_all_all_CCATTCGCATCTCGCT.1",1
"X10W_all_all_CCATTCGCATTGGGCC.1",0
"X10W_all_all_CCATTCGTCCTAGTGA.1",0
"X10W_all_all_CCCAATCGTTTCCACC.1",0
"X10W_all_all_CCCAGTTTCTTGAGAC.1",0
"X10W_all_all_CCCTCCTCAAATTGCC.1",0
"X10W_all_all_CCGGGATGTAAATGTG.1",0
"X10W_all_all_CCGGGATTCAACGCTA.1",2
"X10W_all_all_CCGGTAGAGAAGGGTA.1",0
"X10W_all_all_CCGTACTAGGGCTTGA.1",2
"X10W_all_all_CCGTGGACATGACGGA.1",0
"X10W_all_all_CCGTTCAAGGCCATAG.1",2
"X10W_all_all_CCTAAAGAGAGGTACC.1",0
"X10W_all_all_CCTAAAGCATTAACCG.1",0
"X10W_all_all_CCTAAAGTCTCTAAGG.1",1
"X10W_all_all_CCTACACCAGGACGTA.1",0
"X10W_all_all_CCTACCACACCGATAT.1",2
"X10W_all_all_CCTAGCTCACCCATGG.1",0
"X10W_all_all_CCTAGCTCACGGTAAG.1",0
"X10W_all_all_CCTATTAAGAGGACGG.1",1
"X10W_all_all_CCTATTATCAGCGATT.1",0
"X10W_all_all_CCTCAGTAGTGGACGT.1",1
"X10W_all_all_CCTCAGTCATGGAATA.1",0
"X10W_all_all_CCTCAGTCATTAGCCA.1",0
"X10W_all_all_CCTCAGTCATTGTGCA.1",0
"X10W_all_all_CCTCAGTGTTATTCTC.1",0
"X10W_all_all_CCTCAGTGTTTGACAC.1",0
"X10W_all_all_CCTTACGGTAGTGAAT.1",0
"X10W_all_all_CCTTCGAAGGATGCGT.1",0
"X10W_all_all_CCTTCGAAGTATGACA.1",0
"X10W_all_all_CCTTCGACACCAGGTC.1",2
"X10W_all_all_CCTTCGATCGCGCCAA.1",0
"X10W_all_all_CCTTTCTCATGACATC.1",0
"X10W_all_all_CCTTTCTTCATGCATG.1",1
"X10W_all_all_CGAACATAGGGTTTCT.1",0
"X10W_all_all_CGAACATCAGCCTGTG.1",0
"X10W_all_all_CGAACATGTGATGTCT.1",0
"X10W_all_all_CGAATGTTCCTACAGA.1",2
"X10W_all_all_CGAATGTTCTCGTTTA.1",0
"X10W_all_all_CGACCTTTCTCAACTT.1",0
"X10W_all_all_CGACCTTTCTCGTATT.1",1
"X10W_all_all_CGACTTCAGAAACCTA.1",0
"X10W_all_all_CGACTTCCATTCGACA.1",0
"X10W_all_all_CGACTTCTCCACGAAT.1",1
"X10W_all_all_CGAGAAGCAGCTGGCT.1",0
"X10W_all_all_CGAGAAGGTTATCCGA.1",0
"X10W_all_all_CGAGCACAGAGGTAGA.1",0
"X10W_all_all_CGAGCACAGGCTCAGA.1",2
"X10W_all_all_CGAGCACCATTCTCAT.1",1
"X10W_all_all_CGAGCACTCTATCCTA.1",0
"X10W_all_all_CGAGCCAAGTCCAGGA.1",0
"X10W_all_all_CGATCGGCAAAGTCAA.1",1
"X10W_all_all_CGATCGGCAGGTTTCA.1",1
"X10W_all_all_CGATCGGCATAGACTC.1",0
"X10W_all_all_CGATCGGCATCCTTGC.1",2
"X10W_all_all_CGATGGCCAGCGTCCA.1",1
"X10W_all_all_CGATGGCCATACGCTA.1",0
"X10W_all_all_CGATTGAAGCAATCTC.1",2
"X10W_all_all_CGATTGACACAGCCCA.1",0
"X10W_all_all_CGATTGAGTGAGCGAT.1",0
"X10W_all_all_CGATTGATCGCATGGC.1",2
"X10W_all_all_CGCCAAGTCCCAAGTA.1",1
"X10W_all_all_CGCCAAGTCTGCAAGT.1",2
"X10W_all_all_CGCGGTATCAAGATCC.1",2
"X10W_all_all_CGCGTTTAGCTGCAAG.1",0
"X10W_all_all_CGCGTTTTCAGTTGAC.1",0
"X10W_all_all_CGCGTTTTCGGATGTT.1",0
"X10W_all_all_CGCTATCCACAGGCCT.1",2
"X10W_all_all_CGCTATCGTGCTTCTC.1",1
"X10W_all_all_CGCTGGACAAGCTGGA.1",2
"X10W_all_all_CGCTGGACAGCCTTGG.1",2
"X10W_all_all_CGCTGGATCACCAGGC.1",1
"X10W_all_all_CGCTGGATCACGAAGG.1",0
"X10W_all_all_CGCTTCAAGGAGTTTA.1",1
"X10W_all_all_CGCTTCATCCCTCAGT.1",2
"X10W_all_all_CGCTTCATCTCGTATT.1",0
"X10W_all_all_CGGACACAGCAATCTC.1",1
"X10W_all_all_CGGACACAGGGTTTCT.1",0
"X10W_all_all_CGGACACTCACCGTAA.1",0
"X10W_all_all_CGGACACTCCTTTCGG.1",0
"X10W_all_all_CGGACGTTCCGCAAGC.1",0
"X10W_all_all_CGGACTGGTACCGAGA.1",0
"X10W_all_all_CGGAGCTGTCAATGTC.1",0
"X10W_all_all_CGGAGTCCAAGAAAGG.1",0
"X10W_all_all_CGGAGTCCATGCGCAC.1",0
"X10W_all_all_CGGAGTCGTCTAGTCA.1",2
"X10W_all_all_CGGAGTCGTCTCTTAT.1",0
"X10W_all_all_CGGCTAGGTCGCTTCT.1",1
"X10W_all_all_CGGCTAGTCAGTGCAT.1",0
"X10W_all_all_CGGGTCAAGATGCCAG.1",0
"X10W_all_all_CGGGTCAGTAGAGCTG.1",2
"X10W_all_all_CGGGTCAGTCCTAGCG.1",0
"X10W_all_all_CGGGTCAGTTTACTCT.1",0
"X10W_all_all_CGGTTAAAGTTGTAGA.1",0
"X10W_all_all_CGGTTAACAAGTTGTC.1",1
"X10W_all_all_CGGTTAACATGCTAGT.1",0
"X10W_all_all_CGGTTAATCACCATAG.1",2
"X10W_all_all_CGTAGCGCAAAGCAAT.1",0
"X10W_all_all_CGTAGCGCAGCTGTAT.1",0
"X10W_all_all_CGTCACTAGCGGCTTC.1",1
"X10W_all_all_CGTCACTGTAAAGGAG.1",1
"X10W_all_all_CGTCACTGTGGTCCGT.1",0
"X10W_all_all_CGTCACTGTTACCGAT.1",0
"X10W_all_all_CGTCAGGGTCAGCTAT.1",0
"X10W_all_all_CGTCCATCAGCTCCGA.1",0
"X10W_all_all_CGTCTACAGATGCCAG.1",0
"X10W_all_all_CGTCTACCATACTACG.1",0
"X10W_all_all_CGTGAGCCAATCAGAA.1",1
"X10W_all_all_CGTGTCTAGTTCGCGC.1",1
"X10W_all_all_CGTGTCTTCAGTACGT.1",0
"X10W_all_all_CGTTAGAGTATGCTTG.1",2
"X10W_all_all_CGTTCTGAGCAATATG.1",0
"X10W_all_all_CGTTCTGGTGCACCAC.1",1
"X10W_all_all_CTAACTTTCGCGCCAA.1",0
"X10W_all_all_CTAAGACAGACGCTTT.1",2
"X10W_all_all_CTAAGACCATCCTTGC.1",0
"X10W_all_all_CTAATGGGTACTTGAC.1",0
"X10W_all_all_CTACACCAGGAGCGTT.1",0
"X10W_all_all_CTACACCAGGAGTACC.1",1
"X10W_all_all_CTACACCCACCGATAT.1",0
"X10W_all_all_CTACATTAGGCCCTTG.1",1
"X10W_all_all_CTACATTGTAGGCATG.1",1
"X10W_all_all_CTACCCACAACTGCTA.1",0
"X10W_all_all_CTACCCAGTAGAGTGC.1",0
"X10W_all_all_CTACGTCAGTGTACTC.1",0
"X10W_all_all_CTACGTCGTAGAGTGC.1",0
"X10W_all_all_CTACGTCGTGCAACTT.1",1
"X10W_all_all_CTAGCCTAGATGGGTC.1",0
"X10W_all_all_CTAGCCTAGTCCATAC.1",2
"X10W_all_all_CTAGCCTGTCTGGAGA.1",1
"X10W_all_all_CTAGCCTTCACCGTAA.1",2
"X10W_all_all_CTAGCCTTCGTAGGTT.1",0
"X10W_all_all_CTAGTGAAGGCGATAC.1",1
"X10W_all_all_CTCACACAGACTGTAA.1",1
"X10W_all_all_CTCACACAGCTGGAAC.1",0
"X10W_all_all_CTCACACCAATGGTCT.1",1
"X10W_all_all_CTCAGAATCTCAAACG.1",0
"X10W_all_all_CTCATTACAGCGTTCG.1",0
"X10W_all_all_CTCATTAGTCTCTCGT.1",0
"X10W_all_all_CTCCTAGGTAGATTAG.1",2
"X10W_all_all_CTCGAAAAGAACTGTA.1",1
"X10W_all_all_CTCGAAAGTAGCGTGA.1",1
"X10W_all_all_CTCGAAAGTATAGTAG.1",0
"X10W_all_all_CTCGAAAGTTGGTAAA.1",2
"X10W_all_all_CTCGAAATCCGTACAA.1",0
"X10W_all_all_CTCGAGGAGCGCTTAT.1",0
"X10W_all_all_CTCGAGGGTAGTACCT.1",2
"X10W_all_all_CTCGGAGCATACCATG.1",0
"X10W_all_all_CTCGGGACACCAGGTC.1",0
"X10W_all_all_CTCGGGATCACCCGAG.1",0
"X10W_all_all_CTCGTACCACCGAATT.1",0
"X10W_all_all_CTCGTACGTATAGTAG.1",0
"X10W_all_all_CTCGTACTCCAAATGC.1",1
"X10W_all_all_CTCGTACTCCGCATAA.1",2
"X10W_all_all_CTCGTCAAGATCGATA.1",0
"X10W_all_all_CTCGTCAAGGGCATGT.1",2
"X10W_all_all_CTCGTCAGTCTAAACC.1",0
"X10W_all_all_CTCGTCAGTTACGACT.1",0
"X10W_all_all_CTCGTCATCGTTTAGG.1",0
"X10W_all_all_CTCTAATCACAGAGGT.1",1
"X10W_all_all_CTCTAATGTATAAACG.1",0
"X10W_all_all_CTCTAATGTTAGGGTG.1",1
"X10W_all_all_CTCTAATTCCAAAGTC.1",0
"X10W_all_all_CTCTACGCATAGTAAG.1",2
"X10W_all_all_CTCTACGTCTACGAGT.1",0
"X10W_all_all_CTCTGGTAGGGCACTA.1",0
"X10W_all_all_CTCTGGTTCATTATCC.1",0
"X10W_all_all_CTGAAACGTCACCTAA.1",0
"X10W_all_all_CTGAAGTAGATGTAAC.1",0
"X10W_all_all_CTGAAGTAGGTGTGGT.1",0
"X10W_all_all_CTGAAGTAGTAGGTGC.1",0
"X10W_all_all_CTGAAGTAGTCTTGCA.1",1
"X10W_all_all_CTGAAGTGTCAGCTAT.1",0
"X10W_all_all_CTGATAGCAAGCGTAG.1",2
"X10W_all_all_CTGATAGCATACTACG.1",2
"X10W_all_all_CTGATAGGTGAGGCTA.1",2
"X10W_all_all_CTGATAGTCCCTGACT.1",0
"X10W_all_all_CTGATAGTCTTTACGT.1",0
"X10W_all_all_CTGATCCAGCGCTTAT.1",1
"X10W_all_all_CTGATCCCACAGGTTT.1",1
"X10W_all_all_CTGCCTACATGATCCA.1",1
"X10W_all_all_CTGCCTAGTGCTGTAT.1",1
"X10W_all_all_CTGCCTATCCACGACG.1",0
"X10W_all_all_CTGCCTATCCTGTAGA.1",0
"X10W_all_all_CTGCGGACACCTCGTT.1",0
"X10W_all_all_CTGCGGACAGCGTTCG.1",0
"X10W_all_all_CTGCGGATCGAGCCCA.1",0
"X10W_all_all_CTGCTGTAGCCAGAAC.1",1
"X10W_all_all_CTGCTGTAGTGTTGAA.1",0
"X10W_all_all_CTGCTGTAGTTAGCGG.1",0
"X10W_all_all_CTGCTGTGTCCCTACT.1",1
"X10W_all_all_CTGCTGTGTCTTGCGG.1",0
"X10W_all_all_CTGCTGTGTTCCACAA.1",0
"X10W_all_all_CTGGTCTCAACGATGG.1",0
"X10W_all_all_CTGGTCTCACTGTTAG.1",0
"X10W_all_all_CTGGTCTCAGATGGCA.1",1
"X10W_all_all_CTGGTCTTCCTATTCA.1",2
"X10W_all_all_CTGTGCTAGGCTACGA.1",0
"X10W_all_all_CTGTGCTCAACTGGCC.1",0
"X10W_all_all_CTGTGCTGTGCAGGTA.1",1
"X10W_all_all_CTGTTTAAGTAGGCCA.1",0
"X10W_all_all_CTGTTTAGTACAAGTA.1",0
"X10W_all_all_CTGTTTAGTAGTACCT.1",1
"X10W_all_all_CTGTTTAGTCCCTACT.1",0
"X10W_all_all_CTGTTTAGTTATGCGT.1",0
"X10W_all_all_CTGTTTAGTTCCACAA.1",1
"X10W_all_all_CTGTTTATCCGCGCAA.1",1
"X10W_all_all_CTTAACTAGAAGAAGC.1",1
"X10W_all_all_CTTAACTAGTTGCAGG.1",0
"X10W_all_all_CTTAACTCAATAGAGT.1",0
"X10W_all_all_CTTACCGCATACAGCT.1",2
"X10W_all_all_CTTACCGGTGAGTATA.1",1
"X10W_all_all_CTTAGGAAGTGTGGCA.1",0
"X10W_all_all_CTTAGGACAAGCCTAT.1",0
"X10W_all_all_CTTAGGACAGACAAAT.1",0
"X10W_all_all_CTTAGGATCGACCAGC.1",0
"X10W_all_all_CTTCTCTCATTTGCTT.1",1
"X10W_all_all_CTTCTCTGTTAAGTAG.1",0
"X10W_all_all_CTTCTCTTCTCAAGTG.1",0
"X10W_all_all_CTTCTCTTCTCTGCTG.1",0
"X10W_all_all_CTTGGCTCACCTGGTG.1",0
"X10W_all_all_CTTGGCTCAGGGTTAG.1",0
"X10W_all_all_CTTGGCTGTGGCGAAT.1",2
"X10W_all_all_CTTGGCTGTTCTGGTA.1",2
"X10W_all_all_CTTGGCTTCACTCCTG.1",0
"X10W_all_all_CTTTGCGCATTAACCG.1",0
"X10W_all_all_CTTTGCGTCACTCTTA.1",1
"X10W_all_all_GAAACTCGTCTAAAGA.1",0
"X10W_all_all_GAAATGAAGCCTATGT.1",0
"X10W_all_all_GAAATGACACACTGCG.1",0
"X10W_all_all_GAAATGAGTGCCTGGT.1",0
"X10W_all_all_GAACATCCACAGAGGT.1",0
"X10W_all_all_GAACATCGTAATTGGA.1",0
"X10W_all_all_GAACATCGTATGCTTG.1",0
"X10W_all_all_GAACATCTCCGTAGTA.1",0
"X10W_all_all_GAACGGAAGGATGTAT.1",2
"X10W_all_all_GAACGGATCGACAGCC.1",0
"X10W_all_all_GAAGCAGAGGATGTAT.1",0
"X10W_all_all_GAAGCAGCAGATTGCT.1",1
"X10W_all_all_GAAGCAGCATCCGCGA.1",0
"X10W_all_all_GAAGCAGGTATGGTTC.1",0
"X10W_all_all_GAATAAGAGGCCATAG.1",0
"X10W_all_all_GAATAAGGTTGCCTCT.1",0
"X10W_all_all_GAATGAACATTTGCTT.1",2
"X10W_all_all_GAATGAATCATGTAGC.1",1
"X10W_all_all_GAATGAATCTTCCTTC.1",2
"X10W_all_all_GACACGCTCTCCAACC.1",1
"X10W_all_all_GACAGAGTCAGTACGT.1",1
"X10W_all_all_GACAGAGTCCGCAAGC.1",0
"X10W_all_all_GACCAATAGATCCGAG.1",0
"X10W_all_all_GACCAATCATAAAGGT.1",0
"X10W_all_all_GACCAATGTATCACCA.1",2
"X10W_all_all_GACCTGGAGTGAAGAG.1",2
"X10W_all_all_GACCTGGTCGAGGTAG.1",2
"X10W_all_all_GACCTGGTCGATGAGG.1",1
"X10W_all_all_GACGCGTAGAGCTGGT.1",0
"X10W_all_all_GACGGCTAGCAAATCA.1",1
"X10W_all_all_GACGGCTAGTCCCACG.1",0
"X10W_all_all_GACGGCTCAAGCTGGA.1",1
"X10W_all_all_GACGGCTCAGTTAACC.1",0
"X10W_all_all_GACGGCTGTAAGCACG.1",0
"X10W_all_all_GACGGCTGTCGACTAT.1",1
"X10W_all_all_GACGGCTGTCTCTCTG.1",0
"X10W_all_all_GACGGCTTCACCTCGT.1",0
"X10W_all_all_GACGTGCCACCAGATT.1",0
"X10W_all_all_GACGTGCTCCAGGGCT.1",2
"X10W_all_all_GACGTTAAGTAACCCT.1",0
"X10W_all_all_GACGTTAAGTAATCCC.1",1
"X10W_all_all_GACTAACCACAAGTAA.1",2
"X10W_all_all_GACTAACTCGCCAGCA.1",0
"X10W_all_all_GACTACAGTACTCGCG.1",0
"X10W_all_all_GACTGCGCAGTAAGCG.1",2
"X10W_all_all_GAGCAGACACATCCAA.1",0
"X10W_all_all_GAGCAGATCAAAGACA.1",0
"X10W_all_all_GAGGTGAAGACAGGCT.1",0
"X10W_all_all_GAGGTGAAGGTAGCTG.1",0
"X10W_all_all_GAGGTGATCAGTTTGG.1",1
"X10W_all_all_GAGTCCGCACTGTGTA.1",2
"X10W_all_all_GAGTCCGGTGTCAATC.1",0
"X10W_all_all_GATCAGTCAGTATAAG.1",0
"X10W_all_all_GATCAGTTCTTCGAGA.1",1
"X10W_all_all_GATCGATAGCGACGTA.1",0
"X10W_all_all_GATCGATAGTCATGCT.1",0
"X10W_all_all_GATCGATCAAACCCAT.1",0
"X10W_all_all_GATCGATCAGTATGCT.1",0
"X10W_all_all_GATCGCGTCTGATTCT.1",1
"X10W_all_all_GATCGTAAGAAAGTGG.1",0
"X10W_all_all_GATCGTACACAACGCC.1",2
"X10W_all_all_GATCTAGCAAGGACTG.1",0
"X10W_all_all_GATCTAGCAGGAATCG.1",0
"X10W_all_all_GATCTAGCAGTATCTG.1",0
"X10W_all_all_GATCTAGTCCACGCAG.1",0
"X10W_all_all_GATGAAAAGATCCCGC.1",0
"X10W_all_all_GATGAAATCAGGCAAG.1",2
"X10W_all_all_GATGAGGAGAATGTTG.1",1
"X10W_all_all_GATGCTATCGTTTATC.1",1
"X10W_all_all_GATGCTATCTCTGAGA.1",0
"X10W_all_all_GATTCAGCAATCGAAA.1",0
"X10W_all_all_GATTCAGTCAACACGT.1",1
"X10W_all_all_GCAAACTAGGCAGTCA.1",0
"X10W_all_all_GCAAACTGTCGGCATC.1",0
"X10W_all_all_GCAATCAAGTGAATTG.1",0
"X10W_all_all_GCAATCAGTCCAGTAT.1",1
"X10W_all_all_GCAATCATCTACCTGC.1",1
"X10W_all_all_GCACATAAGCAACGGT.1",0
"X10W_all_all_GCACTCTGTTCATGGT.1",0
"X10W_all_all_GCACTCTGTTGATTGC.1",0
"X10W_all_all_GCACTCTTCCGAGCCA.1",1
"X10W_all_all_GCAGTTAAGAAGGTTT.1",2
"X10W_all_all_GCAGTTACAGATGGGT.1",0
"X10W_all_all_GCAGTTAGTGGTCCGT.1",1
"X10W_all_all_GCATACAAGATGTCGG.1",1
"X10W_all_all_GCATACACAAATTGCC.1",1
"X10W_all_all_GCATGATAGGGCACTA.1",0
"X10W_all_all_GCATGATCAATTCCTT.1",0
"X10W_all_all_GCATGATCATCCTAGA.1",0
"X10W_all_all_GCATGATTCGCAAACT.1",0
"X10W_all_all_GCATGCGTCAAAGACA.1",0
"X10W_all_all_GCATGCGTCACCCGAG.1",0
"X10W_all_all_GCATGTAGTCGATTGT.1",0
"X10W_all_all_GCATGTAGTTATGCGT.1",0
"X10W_all_all_GCCAAATGTAGTACCT.1",0
"X10W_all_all_GCCAAATTCAGCGACC.1",0
"X10W_all_all_GCCTCTAGTCCAACTA.1",0
"X10W_all_all_GCCTCTATCTGGAGCC.1",0
"X10W_all_all_GCGACCACACGTCAGC.1",0
"X10W_all_all_GCGACCACAGCTGTTA.1",0
"X10W_all_all_GCGAGAAGTTCCCTTG.1",0
"X10W_all_all_GCGAGAATCACTATTC.1",0
"X10W_all_all_GCGAGAATCTGATTCT.1",0
"X10W_all_all_GCGCAACCATGCGCAC.1",1
"X10W_all_all_GCGCCAACACGAGGTA.1",0
"X10W_all_all_GCGCCAATCACTCCTG.1",0
"X10W_all_all_GCGCGATTCTGGTGTA.1",2
"X10W_all_all_GCTCCTAAGGAATTAC.1",0
"X10W_all_all_GCTCCTACAATGGACG.1",0
"X10W_all_all_GCTCCTAGTACCAGTT.1",2
"X10W_all_all_GCTCTGTAGGCTACGA.1",0
"X10W_all_all_GCTCTGTCAGACAGGT.1",0
"X10W_all_all_GCTCTGTGTCTGGAGA.1",0
"X10W_all_all_GCTCTGTTCAAACGGG.1",0
"X10W_all_all_GCTGCAGCACCGATAT.1",1
"X10W_all_all_GCTGCAGGTAAACACA.1",1
"X10W_all_all_GCTGCGACAAGAGGCT.1",0
"X10W_all_all_GCTGCGAGTTACGTCA.1",1
"X10W_all_all_GCTGCGATCGAATGCT.1",0
"X10W_all_all_GCTGGGTAGCCCAATT.1",0
"X10W_all_all_GCTGGGTCAATCGGTT.1",0
"X10W_all_all_GCTGGGTCATACTCTT.1",1
"X10W_all_all_GCTTGAAAGAGCTATA.1",0
"X10W_all_all_GCTTGAACAAGTCTGT.1",0
"X10W_all_all_GCTTGAACAGGGTTAG.1",1
"X10W_all_all_GCTTGAATCTGTCTAT.1",0
"X10W_all_all_GGAAAGCGTGAGGGAG.1",0
"X10W_all_all_GGAAAGCGTTACGTCA.1",2
"X10W_all_all_GGAACTTAGCGTAATA.1",1
"X10W_all_all_GGAATAACACATTTCT.1",0
"X10W_all_all_GGACAAGAGTATTGGA.1",2
"X10W_all_all_GGACAAGTCTTCGGTC.1",0
"X10W_all_all_GGACAGAAGCGAAGGG.1",1
"X10W_all_all_GGACAGAAGGATTCGG.1",1
"X10W_all_all_GGACAGAGTGTCCTCT.1",0
"X10W_all_all_GGACATTAGAGTGAGA.1",0
"X10W_all_all_GGACATTAGCGTCTAT.1",2
"X10W_all_all_GGACATTGTCGGGTCT.1",0
"X10W_all_all_GGACATTTCTTACCGC.1",0
"X10W_all_all_GGACGTCCAGATTGCT.1",0
"X10W_all_all_GGAGCAACATAAAGGT.1",0
"X10W_all_all_GGATTACAGTGTCTCA.1",0
"X10W_all_all_GGATTACTCATGCTCC.1",0
"X10W_all_all_GGCAATTAGACTGGGT.1",0
"X10W_all_all_GGCAATTAGCCAGGAT.1",0
"X10W_all_all_GGCAATTTCAGGTAAA.1",1
"X10W_all_all_GGCAATTTCTCTAGGA.1",0
"X10W_all_all_GGCCGATAGCGGATCA.1",0
"X10W_all_all_GGCGACTGTACCATCA.1",0
"X10W_all_all_GGCGACTGTCCGCTGA.1",0
"X10W_all_all_GGCGACTGTCTGGAGA.1",1
"X10W_all_all_GGCGACTTCGGCGCTA.1",0
"X10W_all_all_GGCGTGTCAATACGCT.1",0
"X10W_all_all_GGCGTGTGTGTGGTTT.1",0
"X10W_all_all_GGCGTGTTCGTGGACC.1",1
"X10W_all_all_GGCTCGACACAGAGGT.1",0
"X10W_all_all_GGCTCGATCTGATTCT.1",0
"X10W_all_all_GGCTGGTAGCATGGCA.1",0
"X10W_all_all_GGCTGGTGTCTTGCGG.1",0
"X10W_all_all_GGGAATGAGAGACTAT.1",0
"X10W_all_all_GGGAATGTCATTCACT.1",0
"X10W_all_all_GGGACCTAGGATGGTC.1",0
"X10W_all_all_GGGACCTCACCACCAG.1",1
"X10W_all_all_GGGACCTCAGGTCCAC.1",0
"X10W_all_all_GGGACCTGTAGCCTCG.1",2
"X10W_all_all_GGGACCTTCAGTTAGC.1",0
"X10W_all_all_GGGAGATTCCGTTGTC.1",1
"X10W_all_all_GGGATGAAGGCAATTA.1",2
"X10W_all_all_GGGATGATCAGGTTCA.1",0
"X10W_all_all_GGGCACTAGAAACCAT.1",2
"X10W_all_all_GGGCACTAGCTGCCCA.1",2
"X10W_all_all_GGGCACTCATTTCACT.1",0
"X10W_all_all_GGGCACTGTTCAGCGC.1",2
"X10W_all_all_GGGCACTTCCGTACAA.1",0
"X10W_all_all_GGGCATCAGCCCAATT.1",1
"X10W_all_all_GGGCATCGTTCAGACT.1",0
"X10W_all_all_GGGCATCTCCCTTGTG.1",0
"X10W_all_all_GGGTCTGTCCAACCAA.1",1
"X10W_all_all_GGGTTGCAGCGACGTA.1",2
"X10W_all_all_GGGTTGCAGCTACCTA.1",0
"X10W_all_all_GGGTTGCCAATTCCTT.1",0
"X10W_all_all_GGGTTGCCAGCGAACA.1",0
"X10W_all_all_GGTATTGAGGTGCACA.1",0
"X10W_all_all_GGTATTGCAGCGAACA.1",1
"X10W_all_all_GGTATTGGTTACCGAT.1",0
"X10W_all_all_GGTGCGTCAAACAACA.1",0
"X10W_all_all_GGTGCGTGTCCCTTGT.1",2
"X10W_all_all_GGTGTTAAGTAGCCGA.1",1
"X10W_all_all_GGTGTTATCAATACCG.1",1
"X10W_all_all_GTAACGTTCACTGGGC.1",2
"X10W_all_all_GTAACGTTCGGCTTGG.1",0
"X10W_all_all_GTAACTGGTTGGGACA.1",0
"X10W_all_all_GTAACTGTCGCACTCT.1",0
"X10W_all_all_GTACGTAGTTAGGGTG.1",0
"X10W_all_all_GTACGTATCCTCAATT.1",2
"X10W_all_all_GTACTCCCAATCTGCA.1",0
"X10W_all_all_GTACTCCCACGGCCAT.1",0
"X10W_all_all_GTACTCCCAGGCTGAA.1",0
"X10W_all_all_GTACTCCGTAAGGGCT.1",0
"X10W_all_all_GTACTCCGTGGACGAT.1",1
"X10W_all_all_GTACTTTCATACGCCG.1",2
"X10W_all_all_GTACTTTCATCGGACC.1",0
"X10W_all_all_GTAGGCCAGTCAAGCG.1",0
"X10W_all_all_GTAGTCAAGGCTCATT.1",1
"X10W_all_all_GTAGTCACACAGGAGT.1",0
"X10W_all_all_GTAGTCATCGAACTGT.1",2
"X10W_all_all_GTATCTTAGGGATCTG.1",0
"X10W_all_all_GTATCTTCAATGGATA.1",0
"X10W_all_all_GTATCTTGTGTCCTCT.1",2
"X10W_all_all_GTATCTTTCATAACCG.1",0
"X10W_all_all_GTATTCTAGCCCGAAA.1",2
"X10W_all_all_GTATTCTGTAGCGTAG.1",0
"X10W_all_all_GTATTCTGTAGCGTCC.1",0
"X10W_all_all_GTATTCTGTATATCCG.1",1
"X10W_all_all_GTATTCTGTTCAGCGC.1",0
"X10W_all_all_GTCAAGTAGTATCTCG.1",1
"X10W_all_all_GTCACAACAGGGTTAG.1",2
"X10W_all_all_GTCACAACAGGTGGAT.1",0
"X10W_all_all_GTCACAATCTATGTGG.1",1
"X10W_all_all_GTCATTTAGACTCGGA.1",0
"X10W_all_all_GTCATTTAGTCCAGGA.1",1
"X10W_all_all_GTCATTTCATGAGCGA.1",0
"X10W_all_all_GTCATTTTCTTGAGGT.1",2
"X10W_all_all_GTCCTCAAGAGTAATC.1",0
"X10W_all_all_GTCGGGTCATCCGCGA.1",1
"X10W_all_all_GTCGGGTGTCTCCACT.1",2
"X10W_all_all_GTCGGGTTCCTCGCAT.1",1
"X10W_all_all_GTCGTAAAGCAGGTCA.1",0
"X10W_all_all_GTCGTAAAGCGTGTCC.1",0
"X10W_all_all_GTCGTAAAGTATCTCG.1",0
"X10W_all_all_GTCGTAAGTGCAGGTA.1",1
"X10W_all_all_GTCGTAATCCTGTAGA.1",0
"X10W_all_all_GTCGTAATCGAGAACG.1",1
"X10W_all_all_GTCTCGTCACAACGTT.1",0
"X10W_all_all_GTCTCGTCAGGCAGTA.1",1
"X10W_all_all_GTCTCGTTCAGTACGT.1",0
"X10W_all_all_GTCTTCGAGATCGGGT.1",0
"X10W_all_all_GTGAAGGCAGTCAGAG.1",2
"X10W_all_all_GTGAAGGTCCTTTACA.1",0
"X10W_all_all_GTGAAGGTCTCTGCTG.1",1
"X10W_all_all_GTGCATAAGATCCGAG.1",0
"X10W_all_all_GTGCATAAGGGTATCG.1",1
"X10W_all_all_GTGCATAAGTTCGCGC.1",0
"X10W_all_all_GTGCATACAAGGTTTC.1",1
"X10W_all_all_GTGCATACACATTCGA.1",0
"X10W_all_all_GTGCATACACCATGTA.1",2
"X10W_all_all_GTGCATACAGGGTACA.1",0
"X10W_all_all_GTGCATAGTTCACCTC.1",1
"X10W_all_all_GTGCGGTAGGGTCTCC.1",1
"X10W_all_all_GTGCGGTCAAGGTTTC.1",0
"X10W_all_all_GTGCGGTCAGATGGCA.1",0
"X10W_all_all_GTGCGGTTCTTGACGA.1",0
"X10W_all_all_GTGCTTCTCCTTTACA.1",0
"X10W_all_all_GTGGGTCCAATTCCTT.1",0
"X10W_all_all_GTGTGCGAGTCATGCT.1",1
"X10W_all_all_GTGTGCGCACTGTCGG.1",0
"X10W_all_all_GTGTGCGTCACAAACC.1",0
"X10W_all_all_GTGTGCGTCCCGACTT.1",0
"X10W_all_all_GTGTTAGAGTGTGAAT.1",0
"X10W_all_all_GTGTTAGCACACGCTG.1",1
"X10W_all_all_GTGTTAGGTCAATACC.1",0
"X10W_all_all_GTGTTAGGTGTGCGTC.1",2
"X10W_all_all_GTTAAGCAGCTGCCCA.1",2
"X10W_all_all_GTTAAGCCAGGTGCCT.1",0
"X10W_all_all_GTTAAGCGTCCGAGTC.1",0
"X10W_all_all_GTTAAGCGTCTCCATC.1",1
"X10W_all_all_GTTAAGCGTTCGGCAC.1",1
"X10W_all_all_GTTAAGCGTTGGAGGT.1",0
"X10W_all_all_GTTACAGAGATGCCAG.1",1
"X10W_all_all_GTTACAGAGCGTAATA.1",0
"X10W_all_all_GTTACAGAGGCGATAC.1",0
"X10W_all_all_GTTACAGTCCGTCATC.1",0
"X10W_all_all_GTTCATTTCATAACCG.1",0
"X10W_all_all_GTTCGGGCATTCCTCG.1",1
"X10W_all_all_GTTCGGGTCCAGTATG.1",0
"X10W_all_all_GTTCTCGAGACCTTTG.1",2
"X10W_all_all_GTTCTCGCACAAGCCC.1",1
"X10W_all_all_GTTCTCGCACTCGACG.1",0
"X10W_all_all_GTTCTCGTCTGCTTGC.1",0
"X10W_all_all_GTTTCTAAGACACTAA.1",0
"X10W_all_all_GTTTCTAAGTCAAGCG.1",0
"X10W_all_all_TAAACCGGTACACCGC.1",2
"X10W_all_all_TAAGAGAAGATACACA.1",2
"X10W_all_all_TAAGAGATCCTGCTTG.1",2
"X10W_all_all_TAAGAGATCGAATGGG.1",0
"X10W_all_all_TAAGCGTAGGCAGTCA.1",0
"X10W_all_all_TAAGCGTCATGTCCTC.1",2
"X10W_all_all_TAAGCGTTCCAGAAGG.1",0
"X10W_all_all_TAAGTGCGTTATCGGT.1",2
"X10W_all_all_TACACGACACATCCGG.1",0
"X10W_all_all_TACACGATCAAGATCC.1",0
"X10W_all_all_TACAGTGAGCTGTTCA.1",0
"X10W_all_all_TACAGTGAGTGGTCCC.1",2
"X10W_all_all_TACAGTGCATGTAGTC.1",1
"X10W_all_all_TACCTATGTAGCCTCG.1",1
"X10W_all_all_TACCTATGTTACGACT.1",1
"X10W_all_all_TACCTTAAGTCGTTTG.1",1
"X10W_all_all_TACCTTAGTCCAGTAT.1",0
"X10W_all_all_TACCTTAGTCTGGTCG.1",2
"X10W_all_all_TACCTTAGTGTCTGAT.1",0
"X10W_all_all_TACCTTATCTCCAGGG.1",1
"X10W_all_all_TACGGATAGTATGACA.1",0
"X10W_all_all_TACGGATCACATGACT.1",0
"X10W_all_all_TACGGATGTGACTACT.1",2
"X10W_all_all_TACGGGCCACAACGTT.1",0
"X10W_all_all_TACGGTAAGCGTCTAT.1",0
"X10W_all_all_TACGGTAAGCTGTCTA.1",0
"X10W_all_all_TACGGTACAAAGCAAT.1",2
"X10W_all_all_TACGGTAGTCCTAGCG.1",2
"X10W_all_all_TACTCATCAATCTGCA.1",0
"X10W_all_all_TACTCATCAGGGATTG.1",0
"X10W_all_all_TACTCATTCAATCACG.1",1
"X10W_all_all_TACTCATTCTCGTATT.1",0
"X10W_all_all_TACTCGCAGCTATGCT.1",1
"X10W_all_all_TACTCGCAGGAGTTTA.1",0
"X10W_all_all_TACTCGCCAGACAAAT.1",0
"X10W_all_all_TACTCGCTCAAACCGT.1",1
"X10W_all_all_TACTTACAGGCACATG.1",1
"X10W_all_all_TACTTACGTAGGGACT.1",1
"X10W_all_all_TACTTACGTGGTTTCA.1",2
"X10W_all_all_TACTTACTCATCACCC.1",0
"X10W_all_all_TACTTACTCTCTGTCG.1",1
"X10W_all_all_TACTTGTCAAGCGATG.1",0
"X10W_all_all_TACTTGTGTGATAAAC.1",0
"X10W_all_all_TACTTGTTCTTCCTTC.1",0
"X10W_all_all_TAGACCACACCCATTC.1",2
"X10W_all_all_TAGACCACAGTTAACC.1",0
"X10W_all_all_TAGACCAGTTGGTGGA.1",0
"X10W_all_all_TAGAGCTGTTGTTTGG.1",0
"X10W_all_all_TAGCCGGGTATATCCG.1",2
"X10W_all_all_TAGCCGGGTCAATACC.1",0
"X10W_all_all_TAGGCATAGCTGCAAG.1",0
"X10W_all_all_TAGTGGTAGCACCGCT.1",0
"X10W_all_all_TAGTGGTGTGAGTGAC.1",2
"X10W_all_all_TATCAGGGTATCGCAT.1",2
"X10W_all_all_TATCAGGTCCAGTATG.1",0
"X10W_all_all_TATCAGGTCCCTTGCA.1",0
"X10W_all_all_TATCTCAGTCCGACGT.1",0
"X10W_all_all_TATCTCAGTTACGTCA.1",1
"X10W_all_all_TATCTCATCCTCCTAG.1",0
"X10W_all_all_TATCTCATCGCGGATC.1",0
"X10W_all_all_TATGCCCAGATATACG.1",0
"X10W_all_all_TATGCCCGTGCAGGTA.1",0
"X10W_all_all_TATTACCGTTTAGCTG.1",0
"X10W_all_all_TATTACCTCGACAGCC.1",0
"X10W_all_all_TCAACGAAGATGCGAC.1",2
"X10W_all_all_TCAACGACAGACGCTC.1",1
"X10W_all_all_TCAACGAGTCCGTCAG.1",0
"X10W_all_all_TCAACGAGTCTTGCGG.1",1
"X10W_all_all_TCAATCTAGATAGCAT.1",2
"X10W_all_all_TCAATCTTCGCTTGTC.1",0
"X10W_all_all_TCACGAAAGAACTGTA.1",0
"X10W_all_all_TCACGAACAGCTATTG.1",0
"X10W_all_all_TCAGATGAGGGATCTG.1",1
"X10W_all_all_TCAGATGCAAGGACAC.1",0
"X10W_all_all_TCAGCAACAAATTGCC.1",0
"X10W_all_all_TCAGCAATCACGACTA.1",0
"X10W_all_all_TCAGCTCCAGCTCCGA.1",0
"X10W_all_all_TCAGCTCTCTCTAAGG.1",1
"X10W_all_all_TCAGCTCTCTGTCTCG.1",1
"X10W_all_all_TCAGGATAGAGTGACC.1",0
"X10W_all_all_TCAGGATAGGCTAGGT.1",2
"X10W_all_all_TCAGGATGTACTCAAC.1",0
"X10W_all_all_TCAGGTACAGGGTTAG.1",2
"X10W_all_all_TCAGGTACATGTCCTC.1",0
"X10W_all_all_TCAGGTAGTTCCCTTG.1",0
"X10W_all_all_TCATTACGTACTTGAC.1",0
"X10W_all_all_TCATTTGCAAACCTAC.1",1
"X10W_all_all_TCATTTGGTCGAGTTT.1",2
"X10W_all_all_TCATTTGGTTCAGTAC.1",0
"X10W_all_all_TCCCGATAGATGTCGG.1",1
"X10W_all_all_TCCCGATTCGTTTATC.1",0
"X10W_all_all_TCCCGATTCTCAAGTG.1",0
"X10W_all_all_TCGAGGCAGCACGCCT.1",1
"X10W_all_all_TCGAGGCTCATGCATG.1",0
"X10W_all_all_TCGCGAGCAATAGAGT.1",0
"X10W_all_all_TCGCGAGTCTTGCAAG.1",1
"X10W_all_all_TCGCGTTGTAGCTGCC.1",1
"X10W_all_all_TCGGTAACATGCTGGC.1",0
"X10W_all_all_TCGGTAATCGCTTAGA.1",0
"X10W_all_all_TCGTACCCATGTCGAT.1",2
"X10W_all_all_TCGTACCGTCTTCTCG.1",2
"X10W_all_all_TCGTACCTCTTCCTTC.1",2
"X10W_all_all_TCGTAGATCATTGCCC.1",2
"X10W_all_all_TCTATTGCATTTGCCC.1",2
"X10W_all_all_TCTCATAAGAGAGCTC.1",1
"X10W_all_all_TCTCATAAGTGTCCAT.1",1
"X10W_all_all_TCTCTAAAGTGCCATT.1",0
"X10W_all_all_TCTCTAACATCGGTTA.1",1
"X10W_all_all_TCTCTAAGTCAGGACA.1",0
"X10W_all_all_TCTCTAAGTTACGTCA.1",0
"X10W_all_all_TCTCTAATCTGGCGTG.1",0
"X10W_all_all_TCTGAGAAGAACTCGG.1",0
"X10W_all_all_TCTGAGACATCGATGT.1",0
"X10W_all_all_TCTGAGATCCCTTGCA.1",2
"X10W_all_all_TCTGGAATCGGGAGTA.1",2
"X10W_all_all_TCTTCGGAGTCTCCTC.1",0
"X10W_all_all_TCTTCGGCACCAGATT.1",0
"X10W_all_all_TCTTCGGCACTTACGA.1",0
"X10W_all_all_TCTTCGGTCCTTGACC.1",1
"X10W_all_all_TCTTTCCAGGTCGGAT.1",0
"X10W_all_all_TCTTTCCGTGAAATCA.1",0
"X10W_all_all_TGAAAGATCCGAGCCA.1",1
"X10W_all_all_TGACAACCAGCTGTAT.1",0
"X10W_all_all_TGACAACGTAGCCTCG.1",0
"X10W_all_all_TGACAACGTCTAGCGC.1",0
"X10W_all_all_TGACAACTCATAGCAC.1",0
"X10W_all_all_TGACGGCAGGTAAACT.1",1
"X10W_all_all_TGACGGCCAAGGGTCA.1",0
"X10W_all_all_TGACTAGTCTAACTCT.1",2
"X10W_all_all_TGACTTTGTGTTAAGA.1",1
"X10W_all_all_TGAGAGGAGTCATGCT.1",0
"X10W_all_all_TGAGAGGGTTCGTCTC.1",0
"X10W_all_all_TGAGCATAGACGCAAC.1",0
"X10W_all_all_TGAGCATAGCACAGGT.1",0
"X10W_all_all_TGAGCATGTTATCACG.1",0
"X10W_all_all_TGAGCATTCAACACTG.1",2
"X10W_all_all_TGAGCATTCTGCGGCA.1",1
"X10W_all_all_TGAGCATTCTGCTGCT.1",0
"X10W_all_all_TGAGCCGAGCCCAGCT.1",0
"X10W_all_all_TGAGCCGAGGTAAACT.1",0
"X10W_all_all_TGAGCCGGTTAGAACA.1",2
"X10W_all_all_TGATTTCAGCAACGGT.1",2
"X10W_all_all_TGATTTCGTTCGTCTC.1",1
"X10W_all_all_TGATTTCTCACCACCT.1",0
"X10W_all_all_TGATTTCTCACCCTCA.1",1
"X10W_all_all_TGCACCTGTTCAGCGC.1",1
"X10W_all_all_TGCCAAAGTAGCAAAT.1",1
"X10W_all_all_TGCCAAAGTCTAGTGT.1",0
"X10W_all_all_TGCCCATAGTCAAGGC.1",0
"X10W_all_all_TGCCCTACAGCTGCAC.1",0
"X10W_all_all_TGCCCTACATGTAAGA.1",1
"X10W_all_all_TGCGCAGCAGCTGTGC.1",0
"X10W_all_all_TGCGGGTCAGCTCCGA.1",0
"X10W_all_all_TGCGGGTTCGTTGACA.1",2
"X10W_all_all_TGCGTGGAGATCGGGT.1",0
"X10W_all_all_TGCGTGGAGGAATTAC.1",1
"X10W_all_all_TGCGTGGAGTTCCACA.1",1
"X10W_all_all_TGCGTGGGTCAGAAGC.1",0
"X10W_all_all_TGCGTGGTCAGCATGT.1",0
"X10W_all_all_TGCTACCCACGACGAA.1",1
"X10W_all_all_TGCTGCTTCAAGCCTA.1",0
"X10W_all_all_TGGACGCTCTTCGAGA.1",1
"X10W_all_all_TGGCCAGCAGGCGATA.1",0
"X10W_all_all_TGGCCAGGTCCCGACA.1",2
"X10W_all_all_TGGCGCACAAGTACCT.1",0
"X10W_all_all_TGGCGCATCATATCGG.1",0
"X10W_all_all_TGGCTGGAGGCTACGA.1",1
"X10W_all_all_TGGCTGGGTGCCTGGT.1",1
"X10W_all_all_TGGCTGGTCGGACAAG.1",1
"X10W_all_all_TGGGAAGAGTAGTGCG.1",0
"X10W_all_all_TGGGAAGTCAAGAAGT.1",2
"X10W_all_all_TGGGAAGTCGGAGGTA.1",1
"X10W_all_all_TGGGAAGTCTACTCAT.1",2
"X10W_all_all_TGGGCGTAGGGTATCG.1",1
"X10W_all_all_TGGGCGTAGTGTTAGA.1",1
"X10W_all_all_TGGGCGTTCTATGTGG.1",0
"X10W_all_all_TGGTTAGAGTCTCGGC.1",2
"X10W_all_all_TGGTTAGCATCGATGT.1",1
"X10W_all_all_TGGTTCCAGAATTGTG.1",0
"X10W_all_all_TGGTTCCAGATGTTAG.1",0
"X10W_all_all_TGGTTCCGTGTTGGGA.1",1
"X10W_all_all_TGGTTCCTCCTTCAAT.1",0
"X10W_all_all_TGTATTCAGTCATCCA.1",2
"X10W_all_all_TGTATTCCAGATCCAT.1",1
"X10W_all_all_TGTATTCGTGTAATGA.1",0
"X10W_all_all_TGTCCCAAGGTTACCT.1",0
"X10W_all_all_TGTCCCACACCCAGTG.1",0
"X10W_all_all_TGTCCCACATGATCCA.1",2
"X10W_all_all_TGTGGTAGTACTTGAC.1",0
"X10W_all_all_TGTGGTATCGTTTATC.1",0
"X10W_all_all_TGTGTTTGTCCGACGT.1",1
"X10W_all_all_TGTTCCGAGAAGATTC.1",2
"X10W_all_all_TGTTCCGCAACGATGG.1",0
"X10W_all_all_TGTTCCGGTGCTGTAT.1",0
"X10W_all_all_TTAACTCAGCCGTCGT.1",1
"X10W_all_all_TTAACTCAGGTGTGGT.1",1
"X10W_all_all_TTAGGCAAGGGAGTAA.1",1
"X10W_all_all_TTAGGCAGTAGCCTAT.1",0
"X10W_all_all_TTAGGCAGTAGCGTGA.1",0
"X10W_all_all_TTAGGCAGTAGTAGTA.1",0
"X10W_all_all_TTAGGCAGTCTCAACA.1",1
"X10W_all_all_TTATGCTAGGATGGAA.1",0
"X10W_all_all_TTATGCTAGTTTAGGA.1",1
"X10W_all_all_TTATGCTCAAGCGATG.1",1
"X10W_all_all_TTATGCTGTTCCGTCT.1",1
"X10W_all_all_TTATGCTTCTTAACCT.1",1
"X10W_all_all_TTCCCAGCACTAAGTC.1",0
"X10W_all_all_TTCCCAGTCGTACCGG.1",2
"X10W_all_all_TTCGAAGCATATACGC.1",1
"X10W_all_all_TTCGAAGGTAAGTGGC.1",0
"X10W_all_all_TTCGAAGGTCATTAGC.1",0
"X10W_all_all_TTCGGTCAGCTAACTC.1",2
"X10W_all_all_TTCGGTCAGGAGTAGA.1",0
"X10W_all_all_TTCTACAAGTTGTAGA.1",0
"X10W_all_all_TTCTACACAGTCGATT.1",0
"X10W_all_all_TTCTACACATTAGGCT.1",0
"X10W_all_all_TTCTCAAAGAATCTCC.1",0
"X10W_all_all_TTCTCAAGTTAAGTAG.1",0
"X10W_all_all_TTCTCCTCAAGCTGGA.1",0
"X10W_all_all_TTCTCCTTCCGAGCCA.1",0
"X10W_all_all_TTCTCCTTCTGCTTGC.1",1
"X10W_all_all_TTCTTAGAGGGCTCTC.1",0
"X10W_all_all_TTCTTAGGTGACTACT.1",0
"X10W_all_all_TTGAACGAGAATGTTG.1",0
"X10W_all_all_TTGACTTGTAAACCTC.1",0
"X10W_all_all_TTGCCGTAGCCACGCT.1",0
"X10W_all_all_TTGCCGTCAATGTTGC.1",1
"X10W_all_all_TTGCCGTTCGTTTAGG.1",0
"X10W_all_all_TTGCGTCAGTACTTGC.1",1
"X10W_all_all_TTGGAACGTAAATACG.1",0
"X10W_all_all_TTGGAACGTGTTTGGT.1",1
"X10W_all_all_TTGGCAAAGAGTAAGG.1",2
"X10W_all_all_TTGGCAAAGTGGTAGC.1",1
"X10W_all_all_TTGTAGGAGGATATAC.1",0
"X10W_all_all_TTGTAGGTCTGTACGA.1",1
"X10W_all_all_TTTACTGAGCTCTCGG.1",1
"X10W_all_all_TTTACTGAGTGCTGCC.1",1
"X10W_all_all_TTTATGCAGTGATCGG.1",1
"X10W_all_all_TTTATGCCATGCTGGC.1",1
"X10W_all_all_TTTATGCCATGTAAGA.1",0
"X10W_all_all_TTTATGCTCGCCATAA.1",0
"X10W_all_all_TTTCCTCAGGATGCGT.1",1
"X10W_all_all_TTTCCTCTCAAACGGG.1",2
"X10W_all_all_TTTCCTCTCTCCTATA.1",0
"X10W_all_all_TTTGCGCAGACCTAGG.1",0
"X10W_all_all_TTTGCGCCAGCTCGCA.1",1
"X10W_all_all_TTTGCGCTCGTTACGA.1",0
"X10W_all_all_TTTGGTTAGTTACGGG.1",2
"X10W_all_all_TTTGGTTGTCAAAGCG.1",0
"X10W_all_all_TTTGGTTTCTGCTGCT.1",0
"X10W_all_all_TTTGTCAAGTAACCCT.1",0
"X10W_all_all_TTTGTCAGTTAAAGAC.1",1
"X10W_all_all_TTTGTCATCCGGCACA.1",0
